ParamKey,ParamValue,Scene,PaperScene,Run,Seed,BestFitness,Runtime,Feasible,Violation,WallClock
aos_c,0.3,2,2,1,20380520,317.818348793114,9.0327066,1,0,9.6623257
aos_c,0.3,2,2,2,20380521,318.40870075788,8.3162605,1,0,8.6346737
aos_c,0.3,2,2,3,20380522,320.463017744771,8.4641336,1,0,8.7960977
aos_c,0.3,2,2,4,20380523,317.222784450171,8.232262,1,0,8.5674071
aos_c,0.3,2,2,5,20380524,316.047210211647,8.4342277,1,0,8.7684296
aos_c,0.3,2,2,6,20380525,316.573890807664,8.1771739,1,0,8.4853211
aos_c,0.3,2,2,7,20380526,307.617427744668,9.5659051,1,0,9.8676475
aos_c,0.3,2,2,8,20380527,318.224826244849,8.3620238,1,0,8.6568235
aos_c,0.3,2,2,9,20380528,316.047439257768,7.6914357,1,0,7.9799586
aos_c,0.3,2,2,10,20380529,314.467911233034,8.4606963,1,0,8.769052
aos_c,0.3,2,2,11,20380530,316.698678328485,8.4206009,1,0,8.7206406
aos_c,0.3,2,2,12,20380531,317.247007674686,7.8435885,1,0,8.1341045
aos_c,0.3,2,2,13,20380532,327.440054189109,8.0976272,1,0,8.4007944
aos_c,0.3,2,2,14,20380533,317.957697061518,7.8520662,1,0,8.1400635
aos_c,0.3,2,2,15,20380534,336.923127738312,8.1832983,1,0,8.4805055
aos_c,0.3,2,2,16,20380535,313.854306985484,9.5338175,1,0,9.8846724
aos_c,0.3,2,2,17,20380536,316.293260613775,7.8920085,1,0,8.1838183
aos_c,0.3,2,2,18,20380537,320.078264976255,7.4338575,1,0,7.7213929
aos_c,0.3,2,2,19,20380538,320.174295436373,9.7196444,1,0,10.0189697
aos_c,0.3,2,2,20,20380539,311.650956179625,7.6797766,1,0,7.9717311
aos_c,0.3,2,2,21,20380540,322.714412157322,7.6064909,1,0,7.8889602
aos_c,0.3,2,2,22,20380541,323.803591330313,7.3664578,1,0,7.6409666
aos_c,0.3,2,2,23,20380542,323.475465110299,7.9446465,1,0,8.2278659
aos_c,0.3,2,2,24,20380543,327.336383574263,7.8241178,1,0,8.1096125
aos_c,0.3,2,2,25,20380544,321.350659169009,7.5468263,1,0,7.8239227
aos_c,0.3,2,2,26,20380545,314.706698680457,7.722302,1,0,8.0023601
aos_c,0.3,2,2,27,20380546,323.62942626804,7.5337664,1,0,7.8093581
aos_c,0.3,2,2,28,20380547,327.234646022104,7.8787085,1,0,8.1564782
aos_c,0.3,2,2,29,20380548,328.77458581117,7.1277717,1,0,7.4216411
aos_c,0.3,2,2,30,20380549,312.891284529923,7.4702997,1,0,7.7558254
aos_c,0.6,2,2,1,20380620,322.509391270485,7.438252,1,0,7.7878602
aos_c,0.6,2,2,2,20380621,371.26087193804,8.7445917,1,0,9.0326285
aos_c,0.6,2,2,3,20380622,316.021227782854,7.5360257,1,0,7.8155272
aos_c,0.6,2,2,4,20380623,314.481495668009,7.6582809,1,0,7.9735945
aos_c,0.6,2,2,5,20380624,348.020655420594,8.1152578,1,0,8.3958338
aos_c,0.6,2,2,6,20380625,314.152680855998,7.8027489,1,0,8.0854059
aos_c,0.6,2,2,7,20380626,324.353092593744,8.0647212,1,0,8.3392934
aos_c,0.6,2,2,8,20380627,316.254350096118,8.5863927,1,0,8.8705255
aos_c,0.6,2,2,9,20380628,319.131960054939,7.8317233,1,0,8.1113891
aos_c,0.6,2,2,10,20380629,320.918850917825,7.9787285,1,0,8.2584654
aos_c,0.6,2,2,11,20380630,316.953883801909,7.9252465,1,0,8.2051192
aos_c,0.6,2,2,12,20380631,312.248134710308,7.7600556,1,0,8.0471792
aos_c,0.6,2,2,13,20380632,309.912884236347,8.100379,1,0,8.3825792
aos_c,0.6,2,2,14,20380633,316.638781371281,7.5411169,1,0,7.8189837
aos_c,0.6,2,2,15,20380634,317.961847073764,7.614393,1,0,7.8957287
aos_c,0.6,2,2,16,20380635,323.116117475758,7.9934923,1,0,8.2772764
aos_c,0.6,2,2,17,20380636,315.21040304399,7.6796387,1,0,7.9510981
aos_c,0.6,2,2,18,20380637,321.957502653605,8.018345,1,0,8.2936845
aos_c,0.6,2,2,19,20380638,321.526408929884,7.7344862,1,0,8.0110451
aos_c,0.6,2,2,20,20380639,314.750131192558,7.7011031,1,0,7.9745182
aos_c,0.6,2,2,21,20380640,323.472128657278,8.2157691,1,0,8.4891687
aos_c,0.6,2,2,22,20380641,315.08120287711,7.6164166,1,0,7.8912339
aos_c,0.6,2,2,23,20380642,309.685443849172,7.4521089,1,0,7.7304585
aos_c,0.6,2,2,24,20380643,317.313776791118,7.5216896,1,0,7.7931272
aos_c,0.6,2,2,25,20380644,315.395881736303,7.5248049,1,0,7.8013594
aos_c,0.6,2,2,26,20380645,313.608595301153,7.5868611,1,0,7.8637113
aos_c,0.6,2,2,27,20380646,315.231391608252,9.3286702,1,0,9.6074402
aos_c,0.6,2,2,28,20380647,313.440183559067,7.5735738,1,0,7.8537625
aos_c,0.6,2,2,29,20380648,326.336231132474,7.4352829,1,0,7.7140638
aos_c,0.6,2,2,30,20380649,321.396747154549,7.9493884,1,0,8.2253501
aos_c,0.9,2,2,1,20380720,308.153971961357,7.6093251,1,0,7.8899262
aos_c,0.9,2,2,2,20380721,317.498676699946,7.7705393,1,0,8.0538584
aos_c,0.9,2,2,3,20380722,320.316295306827,7.5234865,1,0,7.8002344
aos_c,0.9,2,2,4,20380723,314.194784178206,8.9823808,1,0,9.2589333
aos_c,0.9,2,2,5,20380724,318.078554026594,7.8234106,1,0,8.1437631
aos_c,0.9,2,2,6,20380725,314.169390872066,7.7073872,1,0,7.9832958
aos_c,0.9,2,2,7,20380726,328.543110141641,7.128117,1,0,7.4055801
aos_c,0.9,2,2,8,20380727,315.77879539306,8.2080069,1,0,8.479914
aos_c,0.9,2,2,9,20380728,326.558627875775,7.1360461,1,0,7.4168823
aos_c,0.9,2,2,10,20380729,323.162692677957,7.4173539,1,0,7.6883589
aos_c,0.9,2,2,11,20380730,319.613622639889,8.2291774,1,0,8.503798
aos_c,0.9,2,2,12,20380731,322.247674625287,7.6068646,1,0,7.8803729
aos_c,0.9,2,2,13,20380732,321.199569056661,7.6743564,1,0,7.9520024
aos_c,0.9,2,2,14,20380733,324.124325811497,8.0613335,1,0,8.3362801
aos_c,0.9,2,2,15,20380734,322.832862266158,7.7597218,1,0,8.0303062
aos_c,0.9,2,2,16,20380735,321.86975557212,7.3926086,1,0,7.6693902
aos_c,0.9,2,2,17,20380736,312.219086595633,7.4917399,1,0,7.7677077
aos_c,0.9,2,2,18,20380737,314.273216979855,7.6111743,1,0,7.8836567
aos_c,0.9,2,2,19,20380738,312.311959573233,7.6414589,1,0,7.9188793
aos_c,0.9,2,2,20,20380739,325.929920078571,7.7830436,1,0,8.0894719
aos_c,0.9,2,2,21,20380740,317.831822544048,8.6018108,1,0,8.8878299
aos_c,0.9,2,2,22,20380741,322.121678702568,8.1205579,1,0,8.4151238
aos_c,0.9,2,2,23,20380742,308.340721233214,9.4527379,1,0,9.7557882
aos_c,0.9,2,2,24,20380743,320.536411555905,8.9523744,1,0,9.2836805
aos_c,0.9,2,2,25,20380744,310.034471356869,8.9055984,1,0,9.2228184
aos_c,0.9,2,2,26,20380745,311.715644797975,8.5336656,1,0,8.8279372
aos_c,0.9,2,2,27,20380746,313.647653459542,8.021589,1,0,8.3099734
aos_c,0.9,2,2,28,20380747,324.049679665679,7.4171992,1,0,7.6921352
aos_c,0.9,2,2,29,20380748,314.953595988115,7.4055032,1,0,7.6825954
aos_c,0.9,2,2,30,20380749,325.045079986659,7.8047215,1,0,8.081356
aos_c,1.2,2,2,1,20380820,319.749619354095,7.8303845,1,0,8.109743
aos_c,1.2,2,2,2,20380821,315.606750899457,7.5066721,1,0,7.7909408
aos_c,1.2,2,2,3,20380822,311.283484276149,7.6548366,1,0,7.9294721
aos_c,1.2,2,2,4,20380823,329.33657228807,7.4950727,1,0,7.7704919
aos_c,1.2,2,2,5,20380824,321.745570963389,7.1098171,1,0,7.3794689
aos_c,1.2,2,2,6,20380825,316.70471902523,8.0626573,1,0,8.3415894
aos_c,1.2,2,2,7,20380826,315.008422230417,7.6304024,1,0,7.9000525
aos_c,1.2,2,2,8,20380827,326.924892399831,7.7646506,1,0,8.0378653
aos_c,1.2,2,2,9,20380828,319.564114586704,7.4818337,1,0,7.7597176
aos_c,1.2,2,2,10,20380829,318.067104019047,7.729462,1,0,8.0014983
aos_c,1.2,2,2,11,20380830,327.736082118393,8.2979831,1,0,8.5694051
aos_c,1.2,2,2,12,20380831,323.860846946877,8.3083389,1,0,8.5873726
aos_c,1.2,2,2,13,20380832,315.046134306928,8.0016389,1,0,8.2746952
aos_c,1.2,2,2,14,20380833,312.551575193735,7.7953772,1,0,8.076526
aos_c,1.2,2,2,15,20380834,315.738358508213,7.3300264,1,0,7.6039287
aos_c,1.2,2,2,16,20380835,313.073335211722,7.6172471,1,0,7.8953931
aos_c,1.2,2,2,17,20380836,309.289416902077,7.2537656,1,0,7.5275577
aos_c,1.2,2,2,18,20380837,312.881998547695,7.4987867,1,0,7.7810533
aos_c,1.2,2,2,19,20380838,314.593576446405,7.2721758,1,0,7.5422801
aos_c,1.2,2,2,20,20380839,315.354239247254,8.7700386,1,0,9.0513627
aos_c,1.2,2,2,21,20380840,310.116004114822,8.3385396,1,0,8.617193
aos_c,1.2,2,2,22,20380841,318.300494468871,7.5312843,1,0,7.814827
aos_c,1.2,2,2,23,20380842,320.06724905319,7.0286902,1,0,7.3029523
aos_c,1.2,2,2,24,20380843,314.976543939849,7.6581456,1,0,7.9369064
aos_c,1.2,2,2,25,20380844,325.921816477391,7.6830482,1,0,7.9551406
aos_c,1.2,2,2,26,20380845,309.028149714753,7.482325,1,0,7.7564321
aos_c,1.2,2,2,27,20380846,318.680614757368,7.6600181,1,0,7.9381696
aos_c,1.2,2,2,28,20380847,323.784814864669,7.7232465,1,0,8.0041432
aos_c,1.2,2,2,29,20380848,313.63006387531,7.4718069,1,0,7.7423473
aos_c,1.2,2,2,30,20380849,379.213576949593,8.2486322,1,0,8.5219258
aos_c,1.5,2,2,1,20380920,315.919592221876,7.3514225,1,0,7.6271461
aos_c,1.5,2,2,2,20380921,328.122301871652,7.8241091,1,0,8.0939759
aos_c,1.5,2,2,3,20380922,314.723334248643,7.9264566,1,0,8.1975507
aos_c,1.5,2,2,4,20380923,325.447055547547,7.6077768,1,0,7.8824126
aos_c,1.5,2,2,5,20380924,314.081542542714,7.2244336,1,0,7.4998318
aos_c,1.5,2,2,6,20380925,331.543792063179,7.7031264,1,0,7.9753694
aos_c,1.5,2,2,7,20380926,322.75332541451,7.2046249,1,0,7.4769574
aos_c,1.5,2,2,8,20380927,325.186712637593,9.2474143,1,0,9.5245958
aos_c,1.5,2,2,9,20380928,320.43902248285,7.8146031,1,0,8.0947989
aos_c,1.5,2,2,10,20380929,320.977892888707,7.6829703,1,0,7.9599545
aos_c,1.5,2,2,11,20380930,314.242923161798,7.4502403,1,0,7.7193171
aos_c,1.5,2,2,12,20380931,321.424589891715,7.4821731,1,0,7.755013
aos_c,1.5,2,2,13,20380932,313.534915846615,7.7588583,1,0,8.0331019
aos_c,1.5,2,2,14,20380933,324.774392007239,7.4088366,1,0,7.6849258
aos_c,1.5,2,2,15,20380934,321.1791401333,7.5532849,1,0,7.8220638
aos_c,1.5,2,2,16,20380935,310.488446074909,7.5645078,1,0,7.8467223
aos_c,1.5,2,2,17,20380936,315.66651033373,7.6811121,1,0,7.9600888
aos_c,1.5,2,2,18,20380937,319.086284449382,7.8040469,1,0,8.0847873
aos_c,1.5,2,2,19,20380938,322.508675639115,7.4902021,1,0,7.765998
aos_c,1.5,2,2,20,20380939,317.922051211821,7.6613579,1,0,7.9408939
aos_c,1.5,2,2,21,20380940,320.652404286191,7.4697894,1,0,7.7436416
aos_c,1.5,2,2,22,20380941,314.407566635375,7.6227438,1,0,7.8994714
aos_c,1.5,2,2,23,20380942,309.790430638049,7.8995749,1,0,8.175491
aos_c,1.5,2,2,24,20380943,313.606848276059,8.8869963,1,0,9.1650307
aos_c,1.5,2,2,25,20380944,305.770932469856,8.111481,1,0,8.3910821
aos_c,1.5,2,2,26,20380945,316.633155408222,7.4140839,1,0,7.6992967
aos_c,1.5,2,2,27,20380946,326.086278882263,7.6293252,1,0,7.9018318
aos_c,1.5,2,2,28,20380947,314.846086627424,7.5365179,1,0,7.8201666
aos_c,1.5,2,2,29,20380948,332.278312965397,7.5438814,1,0,7.8162623
aos_c,1.5,2,2,30,20380949,314.323330755838,7.7403068,1,0,8.0130103
aos_c,0.3,4,3,1,20400520,330.972036051599,10.297395,1,0,10.63831
aos_c,0.3,4,3,2,20400521,337.12573338082,10.3892861,1,0,10.6925628
aos_c,0.3,4,3,3,20400522,329.995465673206,10.3220556,1,0,10.6284561
aos_c,0.3,4,3,4,20400523,328.792236214501,10.3105094,1,0,10.6250478
aos_c,0.3,4,3,5,20400524,329.467107168472,10.3594932,1,0,10.6735511
aos_c,0.3,4,3,6,20400525,330.568343396632,10.3176727,1,0,10.6391872
aos_c,0.3,4,3,7,20400526,328.931640760449,10.1837581,1,0,10.4985585
aos_c,0.3,4,3,8,20400527,328.396361222355,10.3664273,1,0,10.6797688
aos_c,0.3,4,3,9,20400528,330.273271967878,10.3894945,1,0,10.696116
aos_c,0.3,4,3,10,20400529,332.260167294328,10.2587423,1,0,10.5674756
aos_c,0.3,4,3,11,20400530,332.683902739063,10.3263487,1,0,10.636298
aos_c,0.3,4,3,12,20400531,330.340132220152,10.2758408,1,0,10.5843944
aos_c,0.3,4,3,13,20400532,338.319452068182,10.4541977,1,0,10.7707121
aos_c,0.3,4,3,14,20400533,331.581271907346,10.2968072,1,0,10.6119198
aos_c,0.3,4,3,15,20400534,333.891227703914,10.2284647,1,0,10.5434614
aos_c,0.3,4,3,16,20400535,329.480200885937,10.3885615,1,0,10.6970786
aos_c,0.3,4,3,17,20400536,329.915495224306,10.3069515,1,0,10.615152
aos_c,0.3,4,3,18,20400537,328.492391285182,10.4317237,1,0,10.7396876
aos_c,0.3,4,3,19,20400538,328.974577541821,10.3293774,1,0,10.6408148
aos_c,0.3,4,3,20,20400539,328.459264373889,10.2977334,1,0,10.612112
aos_c,0.3,4,3,21,20400540,332.154790752335,10.2701816,1,0,10.5764916
aos_c,0.3,4,3,22,20400541,329.527483349653,10.2007633,1,0,10.5066955
aos_c,0.3,4,3,23,20400542,329.681676510932,10.2633745,1,0,10.5725404
aos_c,0.3,4,3,24,20400543,331.648857603772,10.3252499,1,0,10.6324902
aos_c,0.3,4,3,25,20400544,331.67043264849,10.1218407,1,0,10.4283252
aos_c,0.3,4,3,26,20400545,330.103421628095,10.303977,1,0,10.6102529
aos_c,0.3,4,3,27,20400546,327.93934590406,10.261858,1,0,10.5742393
aos_c,0.3,4,3,28,20400547,330.077819404413,10.310274,1,0,10.6243549
aos_c,0.3,4,3,29,20400548,331.152987341849,10.4869494,1,0,10.8016106
aos_c,0.3,4,3,30,20400549,330.367125398044,10.2600363,1,0,10.5712136
aos_c,0.6,4,3,1,20400620,331.300067531485,10.272789,1,0,10.5826606
aos_c,0.6,4,3,2,20400621,329.878650972749,10.374644,1,0,10.686334
aos_c,0.6,4,3,3,20400622,329.907126657855,10.3288471,1,0,10.6338278
aos_c,0.6,4,3,4,20400623,334.46683105709,10.035584,1,0,10.3486196
aos_c,0.6,4,3,5,20400624,331.072517467535,10.2994252,1,0,10.6116651
aos_c,0.6,4,3,6,20400625,335.059628228649,10.2103408,1,0,10.5250107
aos_c,0.6,4,3,7,20400626,334.729224963627,10.1667765,1,0,10.4731089
aos_c,0.6,4,3,8,20400627,330.177006417959,10.2226627,1,0,10.5353057
aos_c,0.6,4,3,9,20400628,332.170132727286,10.3165377,1,0,10.6283341
aos_c,0.6,4,3,10,20400629,330.436060910914,10.1596361,1,0,10.4761866
aos_c,0.6,4,3,11,20400630,332.831809280607,10.12637,1,0,10.4324388
aos_c,0.6,4,3,12,20400631,328.916538891393,10.262706,1,0,10.5688928
aos_c,0.6,4,3,13,20400632,329.423959259887,10.3060189,1,0,10.6135231
aos_c,0.6,4,3,14,20400633,331.580041957329,10.1732405,1,0,10.4823096
aos_c,0.6,4,3,15,20400634,331.553791007187,10.3013019,1,0,10.6144974
aos_c,0.6,4,3,16,20400635,331.870592094416,10.3546702,1,0,10.6600141
aos_c,0.6,4,3,17,20400636,328.27677975257,10.3779505,1,0,10.6814519
aos_c,0.6,4,3,18,20400637,329.743993622707,10.2716981,1,0,10.5778691
aos_c,0.6,4,3,19,20400638,330.674601305927,10.323461,1,0,10.6328838
aos_c,0.6,4,3,20,20400639,333.06762204782,10.2524242,1,0,10.5580362
aos_c,0.6,4,3,21,20400640,328.378641193975,10.457823,1,0,10.7732695
aos_c,0.6,4,3,22,20400641,331.077584878553,9.5756242,1,0,9.8879573
aos_c,0.6,4,3,23,20400642,330.318418120502,10.2220792,1,0,10.5280578
aos_c,0.6,4,3,24,20400643,335.001535765159,10.2926265,1,0,10.5982725
aos_c,0.6,4,3,25,20400644,329.18219819313,10.091782,1,0,10.4040664
aos_c,0.6,4,3,26,20400645,334.503732698152,10.1686072,1,0,10.4797303
aos_c,0.6,4,3,27,20400646,334.20732682701,10.3986925,1,0,10.7062549
aos_c,0.6,4,3,28,20400647,330.32620476953,10.3370206,1,0,10.6464713
aos_c,0.6,4,3,29,20400648,328.637283432921,10.1949552,1,0,10.4986935
aos_c,0.6,4,3,30,20400649,333.319219844999,10.3041757,1,0,10.6140595
aos_c,0.9,4,3,1,20400720,329.395669720015,10.3932691,1,0,10.6995149
aos_c,0.9,4,3,2,20400721,330.190850767369,10.4457212,1,0,10.7491172
aos_c,0.9,4,3,3,20400722,330.640334158679,10.3709624,1,0,10.6813934
aos_c,0.9,4,3,4,20400723,329.425370358944,10.3255745,1,0,10.6374165
aos_c,0.9,4,3,5,20400724,330.4043956459,10.1544184,1,0,10.4653633
aos_c,0.9,4,3,6,20400725,328.831158957887,10.1934365,1,0,10.5005611
aos_c,0.9,4,3,7,20400726,330.446426397946,10.4942356,1,0,10.8077828
aos_c,0.9,4,3,8,20400727,332.300508654451,10.237618,1,0,10.5522017
aos_c,0.9,4,3,9,20400728,329.65562404747,10.3563531,1,0,10.6609671
aos_c,0.9,4,3,10,20400729,328.014668633335,10.2604358,1,0,10.5713948
aos_c,0.9,4,3,11,20400730,330.675255678543,10.232406,1,0,10.5405717
aos_c,0.9,4,3,12,20400731,333.512649010371,10.3286329,1,0,10.6391735
aos_c,0.9,4,3,13,20400732,328.362180439921,10.2960681,1,0,10.6034539
aos_c,0.9,4,3,14,20400733,328.281551376022,10.3036498,1,0,10.6115031
aos_c,0.9,4,3,15,20400734,331.581158908836,10.3104809,1,0,10.6180679
aos_c,0.9,4,3,16,20400735,328.545760216201,10.3901633,1,0,10.6973979
aos_c,0.9,4,3,17,20400736,331.844148715246,10.1914866,1,0,10.4952824
aos_c,0.9,4,3,18,20400737,333.51619652505,10.2888567,1,0,10.5934102
aos_c,0.9,4,3,19,20400738,330.393078236139,10.197259,1,0,10.5042303
aos_c,0.9,4,3,20,20400739,328.979442882594,10.2758425,1,0,10.5918549
aos_c,0.9,4,3,21,20400740,330.958853302606,10.3144584,1,0,10.6200595
aos_c,0.9,4,3,22,20400741,331.820701447553,10.5017313,1,0,10.8083
aos_c,0.9,4,3,23,20400742,329.009256638196,10.3789275,1,0,10.684502
aos_c,0.9,4,3,24,20400743,331.579994739982,10.1211911,1,0,10.4336
aos_c,0.9,4,3,25,20400744,334.047104837607,10.1090469,1,0,10.4127776
aos_c,0.9,4,3,26,20400745,328.426244761916,10.3217338,1,0,10.6319043
aos_c,0.9,4,3,27,20400746,330.856355281465,10.4052813,1,0,10.7156564
aos_c,0.9,4,3,28,20400747,330.990754158997,10.2429767,1,0,10.5467387
aos_c,0.9,4,3,29,20400748,333.566094793767,10.4206986,1,0,10.724361
aos_c,0.9,4,3,30,20400749,333.757979687997,10.3063372,1,0,10.6111711
aos_c,1.2,4,3,1,20400820,330.322906495234,10.2709291,1,0,10.5818113
aos_c,1.2,4,3,2,20400821,331.649762668436,10.4051935,1,0,10.7100486
aos_c,1.2,4,3,3,20400822,330.583614824623,10.2761639,1,0,10.5794644
aos_c,1.2,4,3,4,20400823,329.691605097448,10.3635505,1,0,10.6812427
aos_c,1.2,4,3,5,20400824,332.798018563776,10.3320378,1,0,10.6478104
aos_c,1.2,4,3,6,20400825,327.853911853112,10.6380034,1,0,10.9422932
aos_c,1.2,4,3,7,20400826,334.265158755483,9.7361278,1,0,10.0451459
aos_c,1.2,4,3,8,20400827,331.103642183948,10.1704763,1,0,10.4795883
aos_c,1.2,4,3,9,20400828,332.907708407679,10.3131024,1,0,10.6217516
aos_c,1.2,4,3,10,20400829,333.025016531757,10.3864363,1,0,10.6950984
aos_c,1.2,4,3,11,20400830,334.687353288906,10.4158625,1,0,10.7318478
aos_c,1.2,4,3,12,20400831,332.552544615158,10.4288151,1,0,10.740382
aos_c,1.2,4,3,13,20400832,331.365433648965,10.3642884,1,0,10.6798165
aos_c,1.2,4,3,14,20400833,328.898041318148,10.3929329,1,0,10.6980735
aos_c,1.2,4,3,15,20400834,332.673388714162,10.1595915,1,0,10.4717588
aos_c,1.2,4,3,16,20400835,334.249804809784,10.3416461,1,0,10.6546779
aos_c,1.2,4,3,17,20400836,328.305216120805,10.4725952,1,0,10.7789735
aos_c,1.2,4,3,18,20400837,331.688486099296,10.3774367,1,0,10.6929666
aos_c,1.2,4,3,19,20400838,332.015489782557,10.3610074,1,0,10.6685476
aos_c,1.2,4,3,20,20400839,327.178543795939,10.2625918,1,0,10.5688791
aos_c,1.2,4,3,21,20400840,331.00261899324,10.410635,1,0,10.7262058
aos_c,1.2,4,3,22,20400841,331.784893760988,10.4747445,1,0,10.7805689
aos_c,1.2,4,3,23,20400842,329.66836779487,10.1988413,1,0,10.5099603
aos_c,1.2,4,3,24,20400843,334.279579261614,10.2996196,1,0,10.6041791
aos_c,1.2,4,3,25,20400844,330.136078626615,10.3591052,1,0,10.6758055
aos_c,1.2,4,3,26,20400845,335.001819894729,10.3710768,1,0,10.677979
aos_c,1.2,4,3,27,20400846,333.084397713349,9.3195974,1,0,9.6269662
aos_c,1.2,4,3,28,20400847,336.065858409578,10.1470532,1,0,10.4617982
aos_c,1.2,4,3,29,20400848,334.779680350473,10.199017,1,0,10.5083902
aos_c,1.2,4,3,30,20400849,328.327182533853,10.2343552,1,0,10.5449437
aos_c,1.5,4,3,1,20400920,331.262993994936,10.2153451,1,0,10.5190748
aos_c,1.5,4,3,2,20400921,330.168932087325,10.2733598,1,0,10.5857054
aos_c,1.5,4,3,3,20400922,329.032037760091,10.3031119,1,0,10.6126159
aos_c,1.5,4,3,4,20400923,333.627171598101,10.3001052,1,0,10.6078022
aos_c,1.5,4,3,5,20400924,331.583991626573,10.3800286,1,0,10.6854366
aos_c,1.5,4,3,6,20400925,328.139392042968,10.360326,1,0,10.6716845
aos_c,1.5,4,3,7,20400926,339.641774836835,10.3600416,1,0,10.6708485
aos_c,1.5,4,3,8,20400927,331.903520075626,10.2497804,1,0,10.5575366
aos_c,1.5,4,3,9,20400928,332.111330982316,10.3215943,1,0,10.6251536
aos_c,1.5,4,3,10,20400929,329.784775908166,10.2157033,1,0,10.5231396
aos_c,1.5,4,3,11,20400930,330.110391833494,10.1609491,1,0,10.4666486
aos_c,1.5,4,3,12,20400931,331.097573402802,10.2428937,1,0,10.5546561
aos_c,1.5,4,3,13,20400932,331.051488294502,10.3676001,1,0,10.6732777
aos_c,1.5,4,3,14,20400933,330.483808999678,10.2347602,1,0,10.5499305
aos_c,1.5,4,3,15,20400934,327.995731079106,10.3404821,1,0,10.6513392
aos_c,1.5,4,3,16,20400935,332.576449010136,10.2553684,1,0,10.5579432
aos_c,1.5,4,3,17,20400936,335.381939644858,10.0845453,1,0,10.3935452
aos_c,1.5,4,3,18,20400937,332.743414901007,10.273805,1,0,10.5870623
aos_c,1.5,4,3,19,20400938,335.471385318906,9.7558403,1,0,10.062951
aos_c,1.5,4,3,20,20400939,328.615969090725,10.3109173,1,0,10.619128
aos_c,1.5,4,3,21,20400940,330.750851388692,10.173095,1,0,10.4800264
aos_c,1.5,4,3,22,20400941,328.740663614577,10.2448394,1,0,10.547975
aos_c,1.5,4,3,23,20400942,332.006934021977,10.4744797,1,0,10.7808858
aos_c,1.5,4,3,24,20400943,329.698732944356,10.3336908,1,0,10.6444652
aos_c,1.5,4,3,25,20400944,329.159187075112,10.2399476,1,0,10.5481147
aos_c,1.5,4,3,26,20400945,330.543127169572,10.2381764,1,0,10.5506256
aos_c,1.5,4,3,27,20400946,331.150509333988,10.3510084,1,0,10.6615446
aos_c,1.5,4,3,28,20400947,337.958703657968,9.8969676,1,0,10.2049263
aos_c,1.5,4,3,29,20400948,328.443659382648,10.3296896,1,0,10.6416154
aos_c,1.5,4,3,30,20400949,326.388407326356,10.2879272,1,0,10.5979467
aosFreezeFrac,0.3,2,2,1,20480520,325.837600873669,7.5898148,1,0,7.8677414
aosFreezeFrac,0.3,2,2,2,20480521,322.831671689958,7.8826207,1,0,8.1590656
aosFreezeFrac,0.3,2,2,3,20480522,318.835128201688,7.2770814,1,0,7.5486987
aosFreezeFrac,0.3,2,2,4,20480523,316.909468285805,7.9772635,1,0,8.2544055
aosFreezeFrac,0.3,2,2,5,20480524,311.331867018829,8.3427244,1,0,8.615094
aosFreezeFrac,0.3,2,2,6,20480525,311.885079774938,8.0731088,1,0,8.353547
aosFreezeFrac,0.3,2,2,7,20480526,311.201278520228,6.9640507,1,0,7.2334483
aosFreezeFrac,0.3,2,2,8,20480527,339.905317750245,7.4010069,1,0,7.6761329
aosFreezeFrac,0.3,2,2,9,20480528,325.020762228651,7.5922581,1,0,7.8815384
aosFreezeFrac,0.3,2,2,10,20480529,316.972305411213,7.6328616,1,0,7.9038168
aosFreezeFrac,0.3,2,2,11,20480530,318.06099162292,7.7202521,1,0,7.9924582
aosFreezeFrac,0.3,2,2,12,20480531,324.710722736628,8.3141403,1,0,8.5925063
aosFreezeFrac,0.3,2,2,13,20480532,311.139015837013,7.3805553,1,0,7.6568227
aosFreezeFrac,0.3,2,2,14,20480533,313.842016823866,7.418787,1,0,7.6919103
aosFreezeFrac,0.3,2,2,15,20480534,320.832708716789,7.5220578,1,0,7.8029757
aosFreezeFrac,0.3,2,2,16,20480535,315.567137309962,7.2743345,1,0,7.5449015
aosFreezeFrac,0.3,2,2,17,20480536,321.008443176605,7.2615746,1,0,7.5310069
aosFreezeFrac,0.3,2,2,18,20480537,315.071957178263,7.3525625,1,0,7.6221928
aosFreezeFrac,0.3,2,2,19,20480538,316.454612661584,7.4852231,1,0,7.7555634
aosFreezeFrac,0.3,2,2,20,20480539,324.682974914818,8.3529474,1,0,8.629482
aosFreezeFrac,0.3,2,2,21,20480540,312.433599538898,7.9634688,1,0,8.2377397
aosFreezeFrac,0.3,2,2,22,20480541,323.85499572691,7.6640543,1,0,7.9419107
aosFreezeFrac,0.3,2,2,23,20480542,318.350494092525,7.5281998,1,0,7.8002203
aosFreezeFrac,0.3,2,2,24,20480543,319.57415693452,7.5283769,1,0,7.8070048
aosFreezeFrac,0.3,2,2,25,20480544,315.847362438298,7.6460374,1,0,7.9157629
aosFreezeFrac,0.3,2,2,26,20480545,322.269978182755,8.1047631,1,0,8.3771678
aosFreezeFrac,0.3,2,2,27,20480546,328.523863360146,7.9594511,1,0,8.2343141
aosFreezeFrac,0.3,2,2,28,20480547,321.089129854177,7.9080366,1,0,8.1869748
aosFreezeFrac,0.3,2,2,29,20480548,315.963464864167,7.9930535,1,0,8.2660948
aosFreezeFrac,0.3,2,2,30,20480549,320.511984506464,7.8249741,1,0,8.1068811
aosFreezeFrac,0.4,2,2,1,20480620,320.155109382279,8.6759971,1,0,8.9478186
aosFreezeFrac,0.4,2,2,2,20480621,314.541744319433,7.5170169,1,0,7.7965952
aosFreezeFrac,0.4,2,2,3,20480622,306.205779405581,7.4853997,1,0,7.7656286
aosFreezeFrac,0.4,2,2,4,20480623,308.39668403176,7.7216181,1,0,7.9943596
aosFreezeFrac,0.4,2,2,5,20480624,311.772550232316,7.7973671,1,0,8.070925
aosFreezeFrac,0.4,2,2,6,20480625,316.42170547546,8.7504022,1,0,9.0313134
aosFreezeFrac,0.4,2,2,7,20480626,329.871998859381,6.9978949,1,0,7.2783369
aosFreezeFrac,0.4,2,2,8,20480627,321.628297253646,7.1188303,1,0,7.3949659
aosFreezeFrac,0.4,2,2,9,20480628,326.917124016399,7.2631824,1,0,7.5341687
aosFreezeFrac,0.4,2,2,10,20480629,312.638534460246,8.0526375,1,0,8.3298683
aosFreezeFrac,0.4,2,2,11,20480630,319.409696264885,7.4556239,1,0,7.7270791
aosFreezeFrac,0.4,2,2,12,20480631,317.420958302702,7.9324942,1,0,8.2178473
aosFreezeFrac,0.4,2,2,13,20480632,311.463669909333,7.7328854,1,0,8.0062593
aosFreezeFrac,0.4,2,2,14,20480633,317.725776534208,7.7827737,1,0,8.0576744
aosFreezeFrac,0.4,2,2,15,20480634,318.975070430016,6.9670902,1,0,7.245418
aosFreezeFrac,0.4,2,2,16,20480635,314.39612823727,7.6179862,1,0,7.8866016
aosFreezeFrac,0.4,2,2,17,20480636,318.235721856056,7.8470608,1,0,8.1169697
aosFreezeFrac,0.4,2,2,18,20480637,323.74854831616,7.5402895,1,0,7.8168796
aosFreezeFrac,0.4,2,2,19,20480638,318.759706506035,7.106601,1,0,7.3778117
aosFreezeFrac,0.4,2,2,20,20480639,311.711098711193,8.7300505,1,0,9.0032199
aosFreezeFrac,0.4,2,2,21,20480640,339.759824039778,8.4863696,1,0,8.7666291
aosFreezeFrac,0.4,2,2,22,20480641,316.107446317173,7.690615,1,0,7.9649253
aosFreezeFrac,0.4,2,2,23,20480642,320.273743069117,7.7471244,1,0,8.0188529
aosFreezeFrac,0.4,2,2,24,20480643,307.256333813716,7.3176416,1,0,7.5898203
aosFreezeFrac,0.4,2,2,25,20480644,322.07312954612,8.217114,1,0,8.4890596
aosFreezeFrac,0.4,2,2,26,20480645,325.092241309939,7.5974248,1,0,7.8680145
aosFreezeFrac,0.4,2,2,27,20480646,315.671832117051,7.6854969,1,0,7.9617816
aosFreezeFrac,0.4,2,2,28,20480647,316.854516992378,7.3356438,1,0,7.614729
aosFreezeFrac,0.4,2,2,29,20480648,312.220986146216,7.3489774,1,0,7.6189993
aosFreezeFrac,0.4,2,2,30,20480649,319.233596935154,7.6510923,1,0,7.9259797
aosFreezeFrac,0.5,2,2,1,20480720,317.73253905921,7.1880577,1,0,7.4573961
aosFreezeFrac,0.5,2,2,2,20480721,324.128826701959,7.6698946,1,0,7.9406481
aosFreezeFrac,0.5,2,2,3,20480722,322.149601242125,8.6282759,1,0,8.9016383
aosFreezeFrac,0.5,2,2,4,20480723,314.551620780904,7.3796693,1,0,7.6497892
aosFreezeFrac,0.5,2,2,5,20480724,314.637631049958,7.3988601,1,0,7.6701104
aosFreezeFrac,0.5,2,2,6,20480725,320.103151116899,7.9652828,1,0,8.2424821
aosFreezeFrac,0.5,2,2,7,20480726,318.29543273011,7.5167988,1,0,7.8047391
aosFreezeFrac,0.5,2,2,8,20480727,388.531269573939,8.5360882,1,0,8.8204013
aosFreezeFrac,0.5,2,2,9,20480728,320.984333458205,7.7455944,1,0,8.0159724
aosFreezeFrac,0.5,2,2,10,20480729,313.761782425248,7.4533359,1,0,7.7222783
aosFreezeFrac,0.5,2,2,11,20480730,313.825643893144,7.7783438,1,0,8.0573168
aosFreezeFrac,0.5,2,2,12,20480731,311.92352240502,7.5360741,1,0,7.8168637
aosFreezeFrac,0.5,2,2,13,20480732,315.202633207882,7.3816351,1,0,7.6549147
aosFreezeFrac,0.5,2,2,14,20480733,317.321233077956,7.4949202,1,0,7.7653632
aosFreezeFrac,0.5,2,2,15,20480734,310.635829919677,7.5314504,1,0,7.8054585
aosFreezeFrac,0.5,2,2,16,20480735,316.918672832729,8.6069094,1,0,8.8779463
aosFreezeFrac,0.5,2,2,17,20480736,322.314986410153,7.6743064,1,0,7.9452918
aosFreezeFrac,0.5,2,2,18,20480737,308.322546619128,7.715733,1,0,7.9845227
aosFreezeFrac,0.5,2,2,19,20480738,313.097200358944,8.1244035,1,0,8.3968263
aosFreezeFrac,0.5,2,2,20,20480739,311.413638809599,7.7716611,1,0,8.0540899
aosFreezeFrac,0.5,2,2,21,20480740,322.785115203205,7.4784889,1,0,7.7536953
aosFreezeFrac,0.5,2,2,22,20480741,316.331172307025,7.4637948,1,0,7.7358251
aosFreezeFrac,0.5,2,2,23,20480742,320.891258132586,7.7706721,1,0,8.0420294
aosFreezeFrac,0.5,2,2,24,20480743,313.81582146109,8.9602727,1,0,9.2490792
aosFreezeFrac,0.5,2,2,25,20480744,319.930113169158,8.0910095,1,0,8.3701359
aosFreezeFrac,0.5,2,2,26,20480745,314.395206066712,8.8861291,1,0,9.1606601
aosFreezeFrac,0.5,2,2,27,20480746,339.653583494321,7.4417256,1,0,7.7244126
aosFreezeFrac,0.5,2,2,28,20480747,325.319637186408,7.2827194,1,0,7.556379
aosFreezeFrac,0.5,2,2,29,20480748,315.897462052465,7.1946018,1,0,7.4661126
aosFreezeFrac,0.5,2,2,30,20480749,320.287647023736,7.2801378,1,0,7.5530662
aosFreezeFrac,0.6,2,2,1,20480820,309.651574873815,8.9186251,1,0,9.1924687
aosFreezeFrac,0.6,2,2,2,20480821,311.438366880377,7.5999474,1,0,7.8707109
aosFreezeFrac,0.6,2,2,3,20480822,318.970493715894,7.7248408,1,0,7.9989285
aosFreezeFrac,0.6,2,2,4,20480823,323.903000503618,7.2637738,1,0,7.5346106
aosFreezeFrac,0.6,2,2,5,20480824,316.829480467011,8.7152214,1,0,8.9892495
aosFreezeFrac,0.6,2,2,6,20480825,314.030077035972,7.4766039,1,0,7.7502746
aosFreezeFrac,0.6,2,2,7,20480826,320.728982156063,8.401002,1,0,8.6725845
aosFreezeFrac,0.6,2,2,8,20480827,315.509421388661,7.723206,1,0,8.0031295
aosFreezeFrac,0.6,2,2,9,20480828,320.310262941435,7.3736474,1,0,7.6503007
aosFreezeFrac,0.6,2,2,10,20480829,315.29271090811,7.6516912,1,0,7.9246657
aosFreezeFrac,0.6,2,2,11,20480830,321.660190455772,7.6403951,1,0,7.9188761
aosFreezeFrac,0.6,2,2,12,20480831,315.61997752855,8.0111294,1,0,8.282121
aosFreezeFrac,0.6,2,2,13,20480832,317.602022118489,7.8235008,1,0,8.0988216
aosFreezeFrac,0.6,2,2,14,20480833,314.817345979196,7.6066451,1,0,7.8775305
aosFreezeFrac,0.6,2,2,15,20480834,316.20609311448,7.253662,1,0,7.5257553
aosFreezeFrac,0.6,2,2,16,20480835,312.119857680026,8.4194846,1,0,8.6985759
aosFreezeFrac,0.6,2,2,17,20480836,308.992575357309,7.2803147,1,0,7.5491252
aosFreezeFrac,0.6,2,2,18,20480837,328.363760550942,7.7317986,1,0,8.0060644
aosFreezeFrac,0.6,2,2,19,20480838,312.499685871643,7.5323985,1,0,7.8097105
aosFreezeFrac,0.6,2,2,20,20480839,311.810530581348,7.6602343,1,0,7.9300578
aosFreezeFrac,0.6,2,2,21,20480840,337.380697727269,7.5587294,1,0,7.8293417
aosFreezeFrac,0.6,2,2,22,20480841,315.443224758336,7.6615845,1,0,7.933183
aosFreezeFrac,0.6,2,2,23,20480842,322.462931136626,8.2099948,1,0,8.4863484
aosFreezeFrac,0.6,2,2,24,20480843,321.934489251602,7.3781673,1,0,7.6544571
aosFreezeFrac,0.6,2,2,25,20480844,318.715748238949,7.7367743,1,0,8.0086036
aosFreezeFrac,0.6,2,2,26,20480845,320.312829514821,7.2354606,1,0,7.5053882
aosFreezeFrac,0.6,2,2,27,20480846,343.501657885511,8.0915546,1,0,8.3690565
aosFreezeFrac,0.6,2,2,28,20480847,321.0817298649,7.828969,1,0,8.1098781
aosFreezeFrac,0.6,2,2,29,20480848,308.668845757541,7.1590383,1,0,7.4351624
aosFreezeFrac,0.6,2,2,30,20480849,314.701044478052,7.5020273,1,0,7.7791295
aosFreezeFrac,0.7,2,2,1,20480920,315.317672423925,7.7337718,1,0,8.0088777
aosFreezeFrac,0.7,2,2,2,20480921,313.511881074437,7.707935,1,0,7.9853386
aosFreezeFrac,0.7,2,2,3,20480922,317.381215583858,7.5735033,1,0,7.8483221
aosFreezeFrac,0.7,2,2,4,20480923,322.68932516022,7.4795965,1,0,7.7562299
aosFreezeFrac,0.7,2,2,5,20480924,318.606102432489,7.831198,1,0,8.1041344
aosFreezeFrac,0.7,2,2,6,20480925,313.468245955555,7.8223304,1,0,8.0955179
aosFreezeFrac,0.7,2,2,7,20480926,316.541765208155,8.0723007,1,0,8.3427382
aosFreezeFrac,0.7,2,2,8,20480927,327.841715309909,7.9251453,1,0,8.1951463
aosFreezeFrac,0.7,2,2,9,20480928,318.976983040906,7.5140515,1,0,7.7838596
aosFreezeFrac,0.7,2,2,10,20480929,388.550150536529,8.5482033,1,0,8.8280069
aosFreezeFrac,0.7,2,2,11,20480930,332.885643539649,8.0660063,1,0,8.3402544
aosFreezeFrac,0.7,2,2,12,20480931,331.237934229377,8.3877833,1,0,8.656548
aosFreezeFrac,0.7,2,2,13,20480932,316.991982763192,8.6713189,1,0,8.9460752
aosFreezeFrac,0.7,2,2,14,20480933,317.1734830116,8.0082324,1,0,8.2864665
aosFreezeFrac,0.7,2,2,15,20480934,317.369945281814,7.702844,1,0,7.9772287
aosFreezeFrac,0.7,2,2,16,20480935,319.365085314397,7.588301,1,0,7.8661528
aosFreezeFrac,0.7,2,2,17,20480936,307.965773058439,7.1859321,1,0,7.4555602
aosFreezeFrac,0.7,2,2,18,20480937,308.274134688332,7.6166347,1,0,7.8873349
aosFreezeFrac,0.7,2,2,19,20480938,321.144486793744,7.7511241,1,0,8.0260295
aosFreezeFrac,0.7,2,2,20,20480939,324.264812369018,7.9054234,1,0,8.1795925
aosFreezeFrac,0.7,2,2,21,20480940,306.975541329892,7.4537787,1,0,7.7278359
aosFreezeFrac,0.7,2,2,22,20480941,320.225701398602,7.4764658,1,0,7.7478735
aosFreezeFrac,0.7,2,2,23,20480942,323.055664872316,7.6233816,1,0,7.8946686
aosFreezeFrac,0.7,2,2,24,20480943,310.110574660736,7.396277,1,0,7.6664317
aosFreezeFrac,0.7,2,2,25,20480944,313.896474352396,7.3572991,1,0,7.6286301
aosFreezeFrac,0.7,2,2,26,20480945,335.128759091316,6.8856675,1,0,7.1606273
aosFreezeFrac,0.7,2,2,27,20480946,357.588257248131,7.9620338,1,0,8.2351991
aosFreezeFrac,0.7,2,2,28,20480947,312.40159731796,7.431215,1,0,7.7023941
aosFreezeFrac,0.7,2,2,29,20480948,320.615575174817,7.2796298,1,0,7.5547795
aosFreezeFrac,0.7,2,2,30,20480949,318.100761559136,7.4107634,1,0,7.6816763
aosFreezeFrac,0.3,4,3,1,20500520,329.393958270485,10.2552739,1,0,10.559346
aosFreezeFrac,0.3,4,3,2,20500521,327.480386087382,10.2940018,1,0,10.5976327
aosFreezeFrac,0.3,4,3,3,20500522,328.718712904873,10.416263,1,0,10.7244378
aosFreezeFrac,0.3,4,3,4,20500523,328.629541748448,9.9994847,1,0,10.3096934
aosFreezeFrac,0.3,4,3,5,20500524,333.986598741793,10.782235,1,0,11.0846213
aosFreezeFrac,0.3,4,3,6,20500525,331.453572443925,10.2275559,1,0,10.5442541
aosFreezeFrac,0.3,4,3,7,20500526,328.065422216042,10.225033,1,0,10.5299178
aosFreezeFrac,0.3,4,3,8,20500527,332.391482245963,10.1631935,1,0,10.4742153
aosFreezeFrac,0.3,4,3,9,20500528,327.360018520511,10.2455641,1,0,10.5570527
aosFreezeFrac,0.3,4,3,10,20500529,330.561447305414,10.2750728,1,0,10.5886422
aosFreezeFrac,0.3,4,3,11,20500530,329.342176147883,10.3466815,1,0,10.6564444
aosFreezeFrac,0.3,4,3,12,20500531,329.018444311271,9.9853837,1,0,10.2908903
aosFreezeFrac,0.3,4,3,13,20500532,329.57135999644,10.2153522,1,0,10.5197853
aosFreezeFrac,0.3,4,3,14,20500533,331.960433628104,10.1067289,1,0,10.4147905
aosFreezeFrac,0.3,4,3,15,20500534,330.223566560316,10.1998544,1,0,10.509857
aosFreezeFrac,0.3,4,3,16,20500535,332.052576947672,10.1903246,1,0,10.4986192
aosFreezeFrac,0.3,4,3,17,20500536,329.052627539936,10.1660639,1,0,10.481432
aosFreezeFrac,0.3,4,3,18,20500537,331.107944050266,10.2367793,1,0,10.5402305
aosFreezeFrac,0.3,4,3,19,20500538,331.059532538361,10.1742459,1,0,10.4805966
aosFreezeFrac,0.3,4,3,20,20500539,329.150965133073,10.3299564,1,0,10.6384179
aosFreezeFrac,0.3,4,3,21,20500540,328.569267190229,10.1395268,1,0,10.4434365
aosFreezeFrac,0.3,4,3,22,20500541,332.155224493549,10.4623858,1,0,10.7671201
aosFreezeFrac,0.3,4,3,23,20500542,333.499956983159,10.3945935,1,0,10.7004233
aosFreezeFrac,0.3,4,3,24,20500543,331.278037094234,10.128052,1,0,10.4361707
aosFreezeFrac,0.3,4,3,25,20500544,329.11827870805,10.2758658,1,0,10.5813875
aosFreezeFrac,0.3,4,3,26,20500545,327.803560198667,10.4627725,1,0,10.7663261
aosFreezeFrac,0.3,4,3,27,20500546,329.342069393642,10.2131321,1,0,10.5183746
aosFreezeFrac,0.3,4,3,28,20500547,329.983019355855,10.2677388,1,0,10.5714884
aosFreezeFrac,0.3,4,3,29,20500548,330.109597455263,10.3107689,1,0,10.6145254
aosFreezeFrac,0.3,4,3,30,20500549,328.66544444737,10.2522456,1,0,10.56412
aosFreezeFrac,0.4,4,3,1,20500620,331.171852150153,10.300517,1,0,10.6170365
aosFreezeFrac,0.4,4,3,2,20500621,328.460044479717,10.3590071,1,0,10.6622235
aosFreezeFrac,0.4,4,3,3,20500622,329.573974565566,10.2901301,1,0,10.6040389
aosFreezeFrac,0.4,4,3,4,20500623,330.099327466883,10.3331033,1,0,10.6410804
aosFreezeFrac,0.4,4,3,5,20500624,328.974791569638,10.297924,1,0,10.6071753
aosFreezeFrac,0.4,4,3,6,20500625,332.85121592642,10.2758494,1,0,10.5791817
aosFreezeFrac,0.4,4,3,7,20500626,332.763298317547,10.0994382,1,0,10.4148829
aosFreezeFrac,0.4,4,3,8,20500627,330.171394155579,10.4743962,1,0,10.7892962
aosFreezeFrac,0.4,4,3,9,20500628,330.575399764779,10.3827484,1,0,10.6987238
aosFreezeFrac,0.4,4,3,10,20500629,330.560199108961,10.369718,1,0,10.6813206
aosFreezeFrac,0.4,4,3,11,20500630,329.356973549348,10.246719,1,0,10.5644397
aosFreezeFrac,0.4,4,3,12,20500631,330.849308350279,10.4183971,1,0,10.722156
aosFreezeFrac,0.4,4,3,13,20500632,334.98070341858,10.0847865,1,0,10.3903573
aosFreezeFrac,0.4,4,3,14,20500633,333.942888001455,10.0912233,1,0,10.4008255
aosFreezeFrac,0.4,4,3,15,20500634,330.815274430325,10.2465586,1,0,10.5579319
aosFreezeFrac,0.4,4,3,16,20500635,330.089339528795,10.4242342,1,0,10.7316971
aosFreezeFrac,0.4,4,3,17,20500636,329.314681570046,10.3971027,1,0,10.7011145
aosFreezeFrac,0.4,4,3,18,20500637,332.246364360458,10.3711312,1,0,10.6750549
aosFreezeFrac,0.4,4,3,19,20500638,330.027241202472,10.2672436,1,0,10.5762365
aosFreezeFrac,0.4,4,3,20,20500639,331.059981916452,10.1607397,1,0,10.4727972
aosFreezeFrac,0.4,4,3,21,20500640,327.371051781561,10.2744994,1,0,10.5795015
aosFreezeFrac,0.4,4,3,22,20500641,328.220172855949,10.4868762,1,0,10.7911581
aosFreezeFrac,0.4,4,3,23,20500642,330.672252266853,10.3476346,1,0,10.6548824
aosFreezeFrac,0.4,4,3,24,20500643,333.307437285937,10.1909723,1,0,10.5063809
aosFreezeFrac,0.4,4,3,25,20500644,327.462911084096,10.1465993,1,0,10.4576256
aosFreezeFrac,0.4,4,3,26,20500645,330.6864062406,10.085612,1,0,10.389324
aosFreezeFrac,0.4,4,3,27,20500646,331.144249646509,10.2648694,1,0,10.5788223
aosFreezeFrac,0.4,4,3,28,20500647,330.1038000542,10.1398377,1,0,10.4438102
aosFreezeFrac,0.4,4,3,29,20500648,332.168601385987,10.2438655,1,0,10.5552467
aosFreezeFrac,0.4,4,3,30,20500649,327.389012281397,10.2768868,1,0,10.5888432
aosFreezeFrac,0.5,4,3,1,20500720,328.953062803649,10.320998,1,0,10.6376649
aosFreezeFrac,0.5,4,3,2,20500721,335.233353879844,9.4583244,1,0,9.7601796
aosFreezeFrac,0.5,4,3,3,20500722,331.262427307848,10.4316501,1,0,10.7467605
aosFreezeFrac,0.5,4,3,4,20500723,331.720064975724,10.2182463,1,0,10.523016
aosFreezeFrac,0.5,4,3,5,20500724,328.643949690487,10.3186115,1,0,10.6221966
aosFreezeFrac,0.5,4,3,6,20500725,331.864229373817,10.2751436,1,0,10.5803366
aosFreezeFrac,0.5,4,3,7,20500726,332.610194255652,10.3498981,1,0,10.6649588
aosFreezeFrac,0.5,4,3,8,20500727,331.584081764409,10.1981034,1,0,10.5020934
aosFreezeFrac,0.5,4,3,9,20500728,330.391100535982,10.1111655,1,0,10.4158841
aosFreezeFrac,0.5,4,3,10,20500729,332.128649943405,10.3012096,1,0,10.6057854
aosFreezeFrac,0.5,4,3,11,20500730,331.810067847262,10.2516264,1,0,10.5542411
aosFreezeFrac,0.5,4,3,12,20500731,330.623114608664,10.2201036,1,0,10.5323768
aosFreezeFrac,0.5,4,3,13,20500732,329.658418236042,10.2578258,1,0,10.5625239
aosFreezeFrac,0.5,4,3,14,20500733,330.582201744694,10.4050969,1,0,10.7083009
aosFreezeFrac,0.5,4,3,15,20500734,330.492480905905,10.3383487,1,0,10.6568051
aosFreezeFrac,0.5,4,3,16,20500735,332.162707500172,10.1642167,1,0,10.4687438
aosFreezeFrac,0.5,4,3,17,20500736,332.917978401804,10.2165755,1,0,10.5239206
aosFreezeFrac,0.5,4,3,18,20500737,330.651118453021,10.250515,1,0,10.5551643
aosFreezeFrac,0.5,4,3,19,20500738,331.349017168041,10.0725803,1,0,10.38062
aosFreezeFrac,0.5,4,3,20,20500739,332.261776112719,10.2918626,1,0,10.6024208
aosFreezeFrac,0.5,4,3,21,20500740,332.923738173588,10.1976882,1,0,10.5042317
aosFreezeFrac,0.5,4,3,22,20500741,331.716223979065,10.0370067,1,0,10.3433336
aosFreezeFrac,0.5,4,3,23,20500742,328.916437784438,10.4487127,1,0,10.7573677
aosFreezeFrac,0.5,4,3,24,20500743,330.984843990675,10.3250997,1,0,10.6390719
aosFreezeFrac,0.5,4,3,25,20500744,331.932727962031,10.2716894,1,0,10.5822658
aosFreezeFrac,0.5,4,3,26,20500745,331.715421399924,10.3474901,1,0,10.6526295
aosFreezeFrac,0.5,4,3,27,20500746,330.551229151603,10.3518072,1,0,10.6611733
aosFreezeFrac,0.5,4,3,28,20500747,326.863099633205,10.3836022,1,0,10.6881248
aosFreezeFrac,0.5,4,3,29,20500748,334.435224568291,10.3538186,1,0,10.6648542
aosFreezeFrac,0.5,4,3,30,20500749,330.931965511503,10.116,1,0,10.4230886
aosFreezeFrac,0.6,4,3,1,20500820,329.607774641005,10.4316711,1,0,10.7361555
aosFreezeFrac,0.6,4,3,2,20500821,332.757259628807,10.3474477,1,0,10.6637087
aosFreezeFrac,0.6,4,3,3,20500822,324.63451140778,8.6688345,1,0,8.9725714
aosFreezeFrac,0.6,4,3,4,20500823,331.731992286774,9.6971563,1,0,10.0049838
aosFreezeFrac,0.6,4,3,5,20500824,329.400758357148,10.2599181,1,0,10.5636431
aosFreezeFrac,0.6,4,3,6,20500825,330.479112864766,10.2899166,1,0,10.5979088
aosFreezeFrac,0.6,4,3,7,20500826,330.163858918123,10.3525579,1,0,10.6567856
aosFreezeFrac,0.6,4,3,8,20500827,330.07808549986,10.3540057,1,0,10.6564117
aosFreezeFrac,0.6,4,3,9,20500828,333.134115705838,10.2189281,1,0,10.5251924
aosFreezeFrac,0.6,4,3,10,20500829,330.145405229081,10.2125174,1,0,10.5248477
aosFreezeFrac,0.6,4,3,11,20500830,330.111576081239,10.2415279,1,0,10.5461777
aosFreezeFrac,0.6,4,3,12,20500831,331.220927313488,10.3072061,1,0,10.6209236
aosFreezeFrac,0.6,4,3,13,20500832,332.205525838375,10.3754841,1,0,10.6780551
aosFreezeFrac,0.6,4,3,14,20500833,332.303445836932,10.3246775,1,0,10.6302823
aosFreezeFrac,0.6,4,3,15,20500834,326.367703318638,10.1915461,1,0,10.4955388
aosFreezeFrac,0.6,4,3,16,20500835,331.647388690083,9.8067534,1,0,10.118614
aosFreezeFrac,0.6,4,3,17,20500836,331.396628423389,10.0380399,1,0,10.3451437
aosFreezeFrac,0.6,4,3,18,20500837,332.980053383074,10.1241764,1,0,10.4532645
aosFreezeFrac,0.6,4,3,19,20500838,320.068377062485,9.4293521,1,0,9.7346918
aosFreezeFrac,0.6,4,3,20,20500839,329.943024220623,10.2830222,1,0,10.5885476
aosFreezeFrac,0.6,4,3,21,20500840,334.292384910963,10.2759075,1,0,10.5802559
aosFreezeFrac,0.6,4,3,22,20500841,328.001966743985,10.0032015,1,0,10.3126203
aosFreezeFrac,0.6,4,3,23,20500842,330.915188572893,10.2077211,1,0,10.5141958
aosFreezeFrac,0.6,4,3,24,20500843,346.68081147043,8.6141765,1,0,8.921581
aosFreezeFrac,0.6,4,3,25,20500844,329.190757693406,10.0804288,1,0,10.3909648
aosFreezeFrac,0.6,4,3,26,20500845,331.706753277033,10.1385098,1,0,10.4490291
aosFreezeFrac,0.6,4,3,27,20500846,330.23353317499,10.1841245,1,0,10.4913522
aosFreezeFrac,0.6,4,3,28,20500847,331.378004980984,10.1957601,1,0,10.5080045
aosFreezeFrac,0.6,4,3,29,20500848,331.790037231623,10.2447942,1,0,10.5544949
aosFreezeFrac,0.6,4,3,30,20500849,331.580191410759,10.2167921,1,0,10.5247759
aosFreezeFrac,0.7,4,3,1,20500920,331.230004931605,10.0842662,1,0,10.3932578
aosFreezeFrac,0.7,4,3,2,20500921,334.880643988694,10.1632692,1,0,10.4695618
aosFreezeFrac,0.7,4,3,3,20500922,331.711538976468,10.2433934,1,0,10.5467486
aosFreezeFrac,0.7,4,3,4,20500923,328.137472073,10.1736463,1,0,10.4787566
aosFreezeFrac,0.7,4,3,5,20500924,331.624933003955,10.1195655,1,0,10.4225731
aosFreezeFrac,0.7,4,3,6,20500925,330.402175112252,10.2776964,1,0,10.5851462
aosFreezeFrac,0.7,4,3,7,20500926,328.359718166356,10.1346007,1,0,10.4372705
aosFreezeFrac,0.7,4,3,8,20500927,329.779448504094,10.1504821,1,0,10.4569512
aosFreezeFrac,0.7,4,3,9,20500928,329.70175356042,10.1363092,1,0,10.4454482
aosFreezeFrac,0.7,4,3,10,20500929,329.445512511367,10.1611645,1,0,10.4663384
aosFreezeFrac,0.7,4,3,11,20500930,329.564776541011,10.2028252,1,0,10.5099432
aosFreezeFrac,0.7,4,3,12,20500931,331.339268353836,9.9983012,1,0,10.3076377
aosFreezeFrac,0.7,4,3,13,20500932,334.34399035173,10.1164031,1,0,10.4245698
aosFreezeFrac,0.7,4,3,14,20500933,334.453617589571,10.1231812,1,0,10.4266179
aosFreezeFrac,0.7,4,3,15,20500934,335.134678071817,10.0410843,1,0,10.3469144
aosFreezeFrac,0.7,4,3,16,20500935,332.704735646495,10.3068563,1,0,10.6127264
aosFreezeFrac,0.7,4,3,17,20500936,329.906353751382,10.2279781,1,0,10.5378533
aosFreezeFrac,0.7,4,3,18,20500937,331.413130417078,10.2144937,1,0,10.5240652
aosFreezeFrac,0.7,4,3,19,20500938,332.835857023462,10.1694666,1,0,10.4730002
aosFreezeFrac,0.7,4,3,20,20500939,325.663092859474,9.2670588,1,0,9.5722914
aosFreezeFrac,0.7,4,3,21,20500940,330.262470862968,10.203193,1,0,10.5124691
aosFreezeFrac,0.7,4,3,22,20500941,331.593090231807,10.3051334,1,0,10.609666
aosFreezeFrac,0.7,4,3,23,20500942,330.608549752661,10.1522737,1,0,10.4599078
aosFreezeFrac,0.7,4,3,24,20500943,332.325865854863,10.1993233,1,0,10.5035984
aosFreezeFrac,0.7,4,3,25,20500944,330.343044675331,10.2040244,1,0,10.511048
aosFreezeFrac,0.7,4,3,26,20500945,331.118610169578,10.0918765,1,0,10.395906
aosFreezeFrac,0.7,4,3,27,20500946,328.932091072889,10.0962352,1,0,10.4036192
aosFreezeFrac,0.7,4,3,28,20500947,329.390530854358,10.2947226,1,0,10.6050875
aosFreezeFrac,0.7,4,3,29,20500948,330.13367697189,10.0606111,1,0,10.3660286
aosFreezeFrac,0.7,4,3,30,20500949,328.02153536667,10.1206416,1,0,10.4238145
repairEliteFrac,0.1,2,2,1,20580520,319.23898967403,7.1173044,1,0,7.3954818
repairEliteFrac,0.1,2,2,2,20580521,318.740042069561,6.9554261,1,0,7.2304893
repairEliteFrac,0.1,2,2,3,20580522,318.710768289113,7.0262776,1,0,7.2999056
repairEliteFrac,0.1,2,2,4,20580523,322.045044145458,7.141688,1,0,7.4214386
repairEliteFrac,0.1,2,2,5,20580524,324.913264998256,7.1827236,1,0,7.4572055
repairEliteFrac,0.1,2,2,6,20580525,315.737022839491,7.1431727,1,0,7.4262619
repairEliteFrac,0.1,2,2,7,20580526,341.467312554968,7.0446526,1,0,7.3155408
repairEliteFrac,0.1,2,2,8,20580527,346.486365817655,6.9718719,1,0,7.2438893
repairEliteFrac,0.1,2,2,9,20580528,312.010183077698,7.0408965,1,0,7.3179373
repairEliteFrac,0.1,2,2,10,20580529,317.323092473226,7.0986999,1,0,7.3699245
repairEliteFrac,0.1,2,2,11,20580530,319.090991118904,7.1705731,1,0,7.444659
repairEliteFrac,0.1,2,2,12,20580531,319.174519992811,7.2869021,1,0,7.5600278
repairEliteFrac,0.1,2,2,13,20580532,308.126588683114,7.1064824,1,0,7.3821287
repairEliteFrac,0.1,2,2,14,20580533,329.829628769582,7.0130804,1,0,7.2865463
repairEliteFrac,0.1,2,2,15,20580534,312.466005286211,7.2442093,1,0,7.521844
repairEliteFrac,0.1,2,2,16,20580535,320.629207476772,7.2412623,1,0,7.5115148
repairEliteFrac,0.1,2,2,17,20580536,320.44345865526,7.0923755,1,0,7.3660393
repairEliteFrac,0.1,2,2,18,20580537,317.559246938642,7.5131399,1,0,7.7854478
repairEliteFrac,0.1,2,2,19,20580538,314.251465298982,7.2075923,1,0,7.477944
repairEliteFrac,0.1,2,2,20,20580539,317.28246952256,7.0450743,1,0,7.3158294
repairEliteFrac,0.1,2,2,21,20580540,321.86342363999,7.1130239,1,0,7.3868323
repairEliteFrac,0.1,2,2,22,20580541,336.033107312643,6.8891197,1,0,7.1628116
repairEliteFrac,0.1,2,2,23,20580542,317.852407150707,7.0469503,1,0,7.3207339
repairEliteFrac,0.1,2,2,24,20580543,324.822760076071,7.1567434,1,0,7.4362247
repairEliteFrac,0.1,2,2,25,20580544,325.768467245376,6.9786734,1,0,7.2526777
repairEliteFrac,0.1,2,2,26,20580545,327.761037991262,7.0438714,1,0,7.3149276
repairEliteFrac,0.1,2,2,27,20580546,310.980956827708,7.3615322,1,0,7.637396
repairEliteFrac,0.1,2,2,28,20580547,307.987833871004,7.0807638,1,0,7.3576823
repairEliteFrac,0.1,2,2,29,20580548,316.253233074621,6.903747,1,0,7.1744846
repairEliteFrac,0.1,2,2,30,20580549,321.241390533527,6.964286,1,0,7.2466268
repairEliteFrac,0.2,2,2,1,20580620,313.716832780819,7.5384376,1,0,7.8108823
repairEliteFrac,0.2,2,2,2,20580621,310.702121788019,7.2544757,1,0,7.5278539
repairEliteFrac,0.2,2,2,3,20580622,320.213781362662,8.0977652,1,0,8.380053
repairEliteFrac,0.2,2,2,4,20580623,345.255866376169,7.0453457,1,0,7.3156113
repairEliteFrac,0.2,2,2,5,20580624,313.468219194942,7.4365905,1,0,7.7072371
repairEliteFrac,0.2,2,2,6,20580625,314.60430730045,8.2273225,1,0,8.498081
repairEliteFrac,0.2,2,2,7,20580626,322.676728149277,7.5318705,1,0,7.8066415
repairEliteFrac,0.2,2,2,8,20580627,322.335778822958,7.2436161,1,0,7.5147937
repairEliteFrac,0.2,2,2,9,20580628,321.707572095915,7.110847,1,0,7.3897159
repairEliteFrac,0.2,2,2,10,20580629,320.982040904163,7.379629,1,0,7.6547417
repairEliteFrac,0.2,2,2,11,20580630,325.670290033406,7.4350132,1,0,7.7099752
repairEliteFrac,0.2,2,2,12,20580631,319.061669383695,7.3790879,1,0,7.6533456
repairEliteFrac,0.2,2,2,13,20580632,320.834686634121,7.2182217,1,0,7.4910424
repairEliteFrac,0.2,2,2,14,20580633,316.162421082526,7.211985,1,0,7.4904462
repairEliteFrac,0.2,2,2,15,20580634,333.121296692138,8.3336992,1,0,8.6062697
repairEliteFrac,0.2,2,2,16,20580635,314.664921449464,7.7915589,1,0,8.0695533
repairEliteFrac,0.2,2,2,17,20580636,316.155841542402,7.6101317,1,0,7.8841352
repairEliteFrac,0.2,2,2,18,20580637,314.783220872443,7.4876627,1,0,7.7594551
repairEliteFrac,0.2,2,2,19,20580638,320.884365497235,7.3995527,1,0,7.6771445
repairEliteFrac,0.2,2,2,20,20580639,320.729129762379,7.2031427,1,0,7.4724606
repairEliteFrac,0.2,2,2,21,20580640,321.322856796381,7.4564534,1,0,7.7321561
repairEliteFrac,0.2,2,2,22,20580641,313.245121859679,7.2904727,1,0,7.5675035
repairEliteFrac,0.2,2,2,23,20580642,315.864987744505,7.3947997,1,0,7.6670963
repairEliteFrac,0.2,2,2,24,20580643,310.529654763975,7.2706434,1,0,7.5460343
repairEliteFrac,0.2,2,2,25,20580644,316.30430333708,7.3575874,1,0,7.628835
repairEliteFrac,0.2,2,2,26,20580645,315.571339529353,7.3894969,1,0,7.669039
repairEliteFrac,0.2,2,2,27,20580646,322.366798076186,7.4808038,1,0,7.7529677
repairEliteFrac,0.2,2,2,28,20580647,310.54251150526,7.2337946,1,0,7.5122061
repairEliteFrac,0.2,2,2,29,20580648,321.409182364218,8.1670019,1,0,8.4396335
repairEliteFrac,0.2,2,2,30,20580649,323.542475570722,7.1221504,1,0,7.3936495
repairEliteFrac,0.25,2,2,1,20580720,321.443945261432,7.810144,1,0,8.1068838
repairEliteFrac,0.25,2,2,2,20580721,322.648389502522,8.1334995,1,0,8.4090353
repairEliteFrac,0.25,2,2,3,20580722,322.662889637571,7.4887505,1,0,7.7612206
repairEliteFrac,0.25,2,2,4,20580723,320.559495472625,8.03358,1,0,8.3066544
repairEliteFrac,0.25,2,2,5,20580724,312.744633091422,7.4344417,1,0,7.7158855
repairEliteFrac,0.25,2,2,6,20580725,316.465229967727,7.6626446,1,0,7.9366178
repairEliteFrac,0.25,2,2,7,20580726,314.372010337126,8.4831151,1,0,8.7535843
repairEliteFrac,0.25,2,2,8,20580727,324.079758137975,8.1020701,1,0,8.372892
repairEliteFrac,0.25,2,2,9,20580728,316.974155601377,7.4998583,1,0,7.7719349
repairEliteFrac,0.25,2,2,10,20580729,314.778267259101,7.4920616,1,0,7.7677269
repairEliteFrac,0.25,2,2,11,20580730,319.834023646736,7.8319398,1,0,8.1041968
repairEliteFrac,0.25,2,2,12,20580731,308.705337960986,7.2952373,1,0,7.5695425
repairEliteFrac,0.25,2,2,13,20580732,321.352573162526,7.5340144,1,0,7.8069721
repairEliteFrac,0.25,2,2,14,20580733,323.717770982652,8.0379619,1,0,8.310723
repairEliteFrac,0.25,2,2,15,20580734,311.415394882416,7.7602279,1,0,8.033104
repairEliteFrac,0.25,2,2,16,20580735,317.59153145788,7.3101673,1,0,7.5850307
repairEliteFrac,0.25,2,2,17,20580736,322.315443342883,8.6353018,1,0,8.9066463
repairEliteFrac,0.25,2,2,18,20580737,313.974067205684,8.0282942,1,0,8.3033279
repairEliteFrac,0.25,2,2,19,20580738,357.082421905236,7.5565122,1,0,7.8268647
repairEliteFrac,0.25,2,2,20,20580739,315.988344855759,7.430926,1,0,7.7035201
repairEliteFrac,0.25,2,2,21,20580740,321.801727499804,7.6087898,1,0,7.8803927
repairEliteFrac,0.25,2,2,22,20580741,324.33223012168,7.6849412,1,0,7.9632901
repairEliteFrac,0.25,2,2,23,20580742,326.474140159314,7.5748531,1,0,7.8505592
repairEliteFrac,0.25,2,2,24,20580743,328.76975956863,7.1263388,1,0,7.4005062
repairEliteFrac,0.25,2,2,25,20580744,315.637966323294,7.5594022,1,0,7.8339376
repairEliteFrac,0.25,2,2,26,20580745,330.46888001187,7.3376754,1,0,7.613256
repairEliteFrac,0.25,2,2,27,20580746,322.483800137505,7.1915555,1,0,7.4625965
repairEliteFrac,0.25,2,2,28,20580747,325.963874868001,7.9954506,1,0,8.2680867
repairEliteFrac,0.25,2,2,29,20580748,323.524150291445,8.1423048,1,0,8.4152345
repairEliteFrac,0.25,2,2,30,20580749,317.815172248379,7.5184379,1,0,7.7925942
repairEliteFrac,0.3,2,2,1,20580820,314.589294477776,7.4853255,1,0,7.7583288
repairEliteFrac,0.3,2,2,2,20580821,320.029961584072,7.9564793,1,0,8.2267938
repairEliteFrac,0.3,2,2,3,20580822,312.410820145295,7.2571794,1,0,7.5372597
repairEliteFrac,0.3,2,2,4,20580823,320.82332445229,7.2743368,1,0,7.5447016
repairEliteFrac,0.3,2,2,5,20580824,314.378145187233,7.6364776,1,0,7.9081674
repairEliteFrac,0.3,2,2,6,20580825,311.64239907336,7.5640502,1,0,7.83532
repairEliteFrac,0.3,2,2,7,20580826,317.248115583057,7.3549805,1,0,7.6248946
repairEliteFrac,0.3,2,2,8,20580827,311.521236539707,7.7946254,1,0,8.0648764
repairEliteFrac,0.3,2,2,9,20580828,318.983049322974,7.5279937,1,0,7.8045871
repairEliteFrac,0.3,2,2,10,20580829,322.620645130587,8.254858,1,0,8.5331634
repairEliteFrac,0.3,2,2,11,20580830,311.045885688753,7.4766569,1,0,7.7460416
repairEliteFrac,0.3,2,2,12,20580831,319.687098318617,7.535834,1,0,7.8059586
repairEliteFrac,0.3,2,2,13,20580832,323.859309731855,7.0773169,1,0,7.3559011
repairEliteFrac,0.3,2,2,14,20580833,313.560421930325,7.5921025,1,0,7.8655904
repairEliteFrac,0.3,2,2,15,20580834,317.231480411667,7.6344057,1,0,7.9110604
repairEliteFrac,0.3,2,2,16,20580835,331.165868763479,7.3526388,1,0,7.6300964
repairEliteFrac,0.3,2,2,17,20580836,319.951611491552,8.2672121,1,0,8.5377715
repairEliteFrac,0.3,2,2,18,20580837,314.489119001558,7.8548893,1,0,8.1353687
repairEliteFrac,0.3,2,2,19,20580838,323.256900190301,7.6699968,1,0,7.9439659
repairEliteFrac,0.3,2,2,20,20580839,317.080693605875,7.439046,1,0,7.7133671
repairEliteFrac,0.3,2,2,21,20580840,319.154490319533,7.2090989,1,0,7.4805314
repairEliteFrac,0.3,2,2,22,20580841,321.16478937848,7.672094,1,0,7.9487941
repairEliteFrac,0.3,2,2,23,20580842,319.103532063591,7.3953995,1,0,7.6682173
repairEliteFrac,0.3,2,2,24,20580843,319.433955858242,7.7073253,1,0,7.9805565
repairEliteFrac,0.3,2,2,25,20580844,327.897411362209,7.0960528,1,0,7.3664275
repairEliteFrac,0.3,2,2,26,20580845,320.170277269938,7.1629293,1,0,7.4381558
repairEliteFrac,0.3,2,2,27,20580846,323.666670469358,7.397409,1,0,7.6704776
repairEliteFrac,0.3,2,2,28,20580847,323.828487047661,7.6471571,1,0,7.9242124
repairEliteFrac,0.3,2,2,29,20580848,318.610259019395,7.74625,1,0,8.0154602
repairEliteFrac,0.3,2,2,30,20580849,316.924093222287,7.5158231,1,0,7.78922
repairEliteFrac,0.4,2,2,1,20580920,315.480667004479,7.4414059,1,0,7.7184667
repairEliteFrac,0.4,2,2,2,20580921,327.602533871104,7.6828546,1,0,7.9562753
repairEliteFrac,0.4,2,2,3,20580922,312.806222240146,7.7894786,1,0,8.0615686
repairEliteFrac,0.4,2,2,4,20580923,317.07346666605,7.7119183,1,0,7.9843301
repairEliteFrac,0.4,2,2,5,20580924,316.210684766842,7.4567371,1,0,7.7267392
repairEliteFrac,0.4,2,2,6,20580925,331.834422833195,8.1324126,1,0,8.4062105
repairEliteFrac,0.4,2,2,7,20580926,308.305943572401,8.9688558,1,0,9.2455249
repairEliteFrac,0.4,2,2,8,20580927,321.283377050504,7.6292405,1,0,7.9050133
repairEliteFrac,0.4,2,2,9,20580928,322.069245397753,7.7808554,1,0,8.0548909
repairEliteFrac,0.4,2,2,10,20580929,333.524104832802,8.6846744,1,0,8.9565257
repairEliteFrac,0.4,2,2,11,20580930,322.666934191254,7.651206,1,0,7.9295506
repairEliteFrac,0.4,2,2,12,20580931,311.006701393069,7.7691967,1,0,8.0421277
repairEliteFrac,0.4,2,2,13,20580932,313.972457108003,7.6595999,1,0,7.933486
repairEliteFrac,0.4,2,2,14,20580933,322.490651985618,8.0113636,1,0,8.2821931
repairEliteFrac,0.4,2,2,15,20580934,312.569627166022,8.8433365,1,0,9.1151865
repairEliteFrac,0.4,2,2,16,20580935,329.004271543245,7.2579952,1,0,7.5297368
repairEliteFrac,0.4,2,2,17,20580936,312.704502216113,8.2693288,1,0,8.5485657
repairEliteFrac,0.4,2,2,18,20580937,309.269365956615,7.7689514,1,0,8.0438189
repairEliteFrac,0.4,2,2,19,20580938,322.522517034698,7.8264655,1,0,8.0966669
repairEliteFrac,0.4,2,2,20,20580939,319.986601116258,7.5812343,1,0,7.8527086
repairEliteFrac,0.4,2,2,21,20580940,318.103787412638,7.9092235,1,0,8.1816549
repairEliteFrac,0.4,2,2,22,20580941,318.889079580848,7.8834419,1,0,8.1555936
repairEliteFrac,0.4,2,2,23,20580942,315.582456024437,8.0397569,1,0,8.3124201
repairEliteFrac,0.4,2,2,24,20580943,319.832172216227,8.5107479,1,0,8.7847592
repairEliteFrac,0.4,2,2,25,20580944,317.58416216219,7.5912974,1,0,7.8624069
repairEliteFrac,0.4,2,2,26,20580945,316.646072620648,7.8807493,1,0,8.1493461
repairEliteFrac,0.4,2,2,27,20580946,313.250711439548,10.1177677,1,0,10.393512
repairEliteFrac,0.4,2,2,28,20580947,315.644596566951,7.7424885,1,0,8.0128181
repairEliteFrac,0.4,2,2,29,20580948,326.124623590169,7.5048769,1,0,7.7815355
repairEliteFrac,0.4,2,2,30,20580949,318.041687378904,7.6265764,1,0,7.8994987
repairEliteFrac,0.1,4,3,1,20600520,328.807146109646,8.1952099,1,0,8.5018805
repairEliteFrac,0.1,4,3,2,20600521,332.268644367495,8.1152042,1,0,8.426005
repairEliteFrac,0.1,4,3,3,20600522,330.560364379436,8.1081593,1,0,8.4134609
repairEliteFrac,0.1,4,3,4,20600523,330.408024576458,8.1474921,1,0,8.4551275
repairEliteFrac,0.1,4,3,5,20600524,332.371432831458,8.1958013,1,0,8.5002469
repairEliteFrac,0.1,4,3,6,20600525,334.255871982957,7.8824875,1,0,8.1936985
repairEliteFrac,0.1,4,3,7,20600526,336.714473736649,8.1388992,1,0,8.454239
repairEliteFrac,0.1,4,3,8,20600527,329.575653988678,8.0947273,1,0,8.4003794
repairEliteFrac,0.1,4,3,9,20600528,329.823547500855,8.1841064,1,0,8.4936165
repairEliteFrac,0.1,4,3,10,20600529,330.755785453585,8.0916171,1,0,8.3966286
repairEliteFrac,0.1,4,3,11,20600530,333.915510976727,8.063931,1,0,8.3750592
repairEliteFrac,0.1,4,3,12,20600531,329.861675505523,8.1592009,1,0,8.4655521
repairEliteFrac,0.1,4,3,13,20600532,331.423553430984,8.158479,1,0,8.4667938
repairEliteFrac,0.1,4,3,14,20600533,331.065780496762,8.2237623,1,0,8.5343571
repairEliteFrac,0.1,4,3,15,20600534,332.706350499441,8.1598957,1,0,8.4679289
repairEliteFrac,0.1,4,3,16,20600535,323.303287808904,7.6607184,1,0,7.9651912
repairEliteFrac,0.1,4,3,17,20600536,331.057852018731,8.1333282,1,0,8.445747
repairEliteFrac,0.1,4,3,18,20600537,481.482996341963,8.1175385,0,1,8.4235523
repairEliteFrac,0.1,4,3,19,20600538,329.329401577429,8.1353378,1,0,8.4418706
repairEliteFrac,0.1,4,3,20,20600539,330.582680938953,8.1363803,1,0,8.4412714
repairEliteFrac,0.1,4,3,21,20600540,329.176143324866,8.0815897,1,0,8.3860076
repairEliteFrac,0.1,4,3,22,20600541,328.084862024117,8.1723549,1,0,8.4764752
repairEliteFrac,0.1,4,3,23,20600542,329.466180978442,8.0319733,1,0,8.3416605
repairEliteFrac,0.1,4,3,24,20600543,335.178040261537,8.1687396,1,0,8.4789639
repairEliteFrac,0.1,4,3,25,20600544,332.426968811705,8.2355508,1,0,8.544359
repairEliteFrac,0.1,4,3,26,20600545,332.310155120965,8.0643958,1,0,8.3753399
repairEliteFrac,0.1,4,3,27,20600546,336.173726499606,8.0832702,1,0,8.3911108
repairEliteFrac,0.1,4,3,28,20600547,329.007907138886,8.0687708,1,0,8.3750867
repairEliteFrac,0.1,4,3,29,20600548,333.484948140476,8.1123784,1,0,8.4204869
repairEliteFrac,0.1,4,3,30,20600549,334.267637895463,8.0733093,1,0,8.3850177
repairEliteFrac,0.2,4,3,1,20600620,328.730791054972,9.4294536,1,0,9.7335532
repairEliteFrac,0.2,4,3,2,20600621,326.805725501427,9.4063679,1,0,9.7109037
repairEliteFrac,0.2,4,3,3,20600622,331.568211702176,9.2471183,1,0,9.559912
repairEliteFrac,0.2,4,3,4,20600623,330.472756060851,9.2642145,1,0,9.5715355
repairEliteFrac,0.2,4,3,5,20600624,329.478979300942,9.3275604,1,0,9.6328494
repairEliteFrac,0.2,4,3,6,20600625,329.981054276682,9.210376,1,0,9.5152622
repairEliteFrac,0.2,4,3,7,20600626,328.963830264765,9.4259025,1,0,9.7333537
repairEliteFrac,0.2,4,3,8,20600627,332.636879402034,9.2897486,1,0,9.5985694
repairEliteFrac,0.2,4,3,9,20600628,331.639384638708,9.0983247,1,0,9.4032147
repairEliteFrac,0.2,4,3,10,20600629,329.160636962773,9.443487,1,0,9.7525209
repairEliteFrac,0.2,4,3,11,20600630,329.04892328381,9.3185796,1,0,9.6217586
repairEliteFrac,0.2,4,3,12,20600631,332.365156601172,9.4205817,1,0,9.7328092
repairEliteFrac,0.2,4,3,13,20600632,330.745679345389,9.3860427,1,0,9.6951926
repairEliteFrac,0.2,4,3,14,20600633,333.17413323883,9.2957515,1,0,9.5995971
repairEliteFrac,0.2,4,3,15,20600634,332.128997431494,9.2622229,1,0,9.5674611
repairEliteFrac,0.2,4,3,16,20600635,327.725405396066,9.3887668,1,0,9.6934085
repairEliteFrac,0.2,4,3,17,20600636,330.19836285559,9.390719,1,0,9.6985905
repairEliteFrac,0.2,4,3,18,20600637,329.564847480022,9.4987663,1,0,9.8027471
repairEliteFrac,0.2,4,3,19,20600638,330.992347091088,9.3322569,1,0,9.6360655
repairEliteFrac,0.2,4,3,20,20600639,334.845749511994,9.3236131,1,0,9.6298582
repairEliteFrac,0.2,4,3,21,20600640,330.524680386472,9.2485652,1,0,9.5587734
repairEliteFrac,0.2,4,3,22,20600641,333.387490220104,9.4196212,1,0,9.7252828
repairEliteFrac,0.2,4,3,23,20600642,329.897335573176,9.3266258,1,0,9.6319143
repairEliteFrac,0.2,4,3,24,20600643,333.075401627412,9.2599764,1,0,9.5700075
repairEliteFrac,0.2,4,3,25,20600644,331.731414595221,9.3729656,1,0,9.6786144
repairEliteFrac,0.2,4,3,26,20600645,330.855729454084,9.2985697,1,0,9.6169962
repairEliteFrac,0.2,4,3,27,20600646,332.609262830217,9.0162863,1,0,9.3221684
repairEliteFrac,0.2,4,3,28,20600647,329.709396539752,9.3440308,1,0,9.6504075
repairEliteFrac,0.2,4,3,29,20600648,329.850448240472,9.2912669,1,0,9.5979709
repairEliteFrac,0.2,4,3,30,20600649,328.657522855514,9.3096256,1,0,9.6215017
repairEliteFrac,0.25,4,3,1,20600720,329.556750461882,10.164559,1,0,10.4680569
repairEliteFrac,0.25,4,3,2,20600721,329.910288323229,10.0071806,1,0,10.3159161
repairEliteFrac,0.25,4,3,3,20600722,333.190291996517,10.0777655,1,0,10.3844188
repairEliteFrac,0.25,4,3,4,20600723,329.452830774309,10.1762,1,0,10.4866214
repairEliteFrac,0.25,4,3,5,20600724,331.055006844515,10.2015628,1,0,10.5126133
repairEliteFrac,0.25,4,3,6,20600725,317.489496116478,9.8032855,1,0,10.1108704
repairEliteFrac,0.25,4,3,7,20600726,326.512335491787,10.2734193,1,0,10.5927086
repairEliteFrac,0.25,4,3,8,20600727,328.695644097571,10.2381961,1,0,10.5443816
repairEliteFrac,0.25,4,3,9,20600728,334.463476459779,10.2531788,1,0,10.5567722
repairEliteFrac,0.25,4,3,10,20600729,331.560401997768,10.3116853,1,0,10.6177916
repairEliteFrac,0.25,4,3,11,20600730,333.014347549058,10.1763988,1,0,10.4861531
repairEliteFrac,0.25,4,3,12,20600731,331.465524335996,10.2426528,1,0,10.5520686
repairEliteFrac,0.25,4,3,13,20600732,331.825498738819,10.2365125,1,0,10.5437816
repairEliteFrac,0.25,4,3,14,20600733,332.523395129859,10.1993942,1,0,10.5040378
repairEliteFrac,0.25,4,3,15,20600734,328.549705814916,10.2533613,1,0,10.5687654
repairEliteFrac,0.25,4,3,16,20600735,330.239744726502,10.1370289,1,0,10.4678088
repairEliteFrac,0.25,4,3,17,20600736,331.221783713263,10.3168575,1,0,10.6233348
repairEliteFrac,0.25,4,3,18,20600737,328.796460908512,10.2414469,1,0,10.5482223
repairEliteFrac,0.25,4,3,19,20600738,329.631871112655,10.2215706,1,0,10.5239521
repairEliteFrac,0.25,4,3,20,20600739,329.357682971208,10.2203876,1,0,10.526043
repairEliteFrac,0.25,4,3,21,20600740,330.909439646159,10.0789914,1,0,10.3867349
repairEliteFrac,0.25,4,3,22,20600741,331.064312597484,10.1831593,1,0,10.4940118
repairEliteFrac,0.25,4,3,23,20600742,633.290188172195,10.2721948,0,2,10.5870259
repairEliteFrac,0.25,4,3,24,20600743,328.05609158356,9.0246304,1,0,9.3304116
repairEliteFrac,0.25,4,3,25,20600744,334.94793100568,10.2198601,1,0,10.5258167
repairEliteFrac,0.25,4,3,26,20600745,330.271431688494,10.0477165,1,0,10.3531124
repairEliteFrac,0.25,4,3,27,20600746,329.716678660935,10.1278849,1,0,10.4307696
repairEliteFrac,0.25,4,3,28,20600747,327.796158633931,10.1595408,1,0,10.4683337
repairEliteFrac,0.25,4,3,29,20600748,335.487469347822,8.9286329,1,0,9.230346
repairEliteFrac,0.25,4,3,30,20600749,329.104514486209,10.1603601,1,0,10.4697169
repairEliteFrac,0.3,4,3,1,20600820,332.823307045359,10.6705328,1,0,10.9771855
repairEliteFrac,0.3,4,3,2,20600821,331.802307901245,10.5611711,1,0,10.8651765
repairEliteFrac,0.3,4,3,3,20600822,332.167148749649,10.4495751,1,0,10.7627976
repairEliteFrac,0.3,4,3,4,20600823,328.784322487735,10.5483357,1,0,10.8816784
repairEliteFrac,0.3,4,3,5,20600824,331.555182421401,10.3750894,1,0,10.683058
repairEliteFrac,0.3,4,3,6,20600825,330.12530163035,10.5700348,1,0,10.877944
repairEliteFrac,0.3,4,3,7,20600826,330.726667874006,10.5697047,1,0,10.8790769
repairEliteFrac,0.3,4,3,8,20600827,331.619751460288,10.5868821,1,0,10.8930295
repairEliteFrac,0.3,4,3,9,20600828,329.768659754369,10.4375205,1,0,10.7400991
repairEliteFrac,0.3,4,3,10,20600829,338.701934284331,11.0898764,1,0,11.393622
repairEliteFrac,0.3,4,3,11,20600830,331.399382346072,10.6304642,1,0,10.9657744
repairEliteFrac,0.3,4,3,12,20600831,333.2147700295,10.5651814,1,0,10.8738409
repairEliteFrac,0.3,4,3,13,20600832,330.714432964072,10.5970621,1,0,10.9039315
repairEliteFrac,0.3,4,3,14,20600833,327.041542725107,10.5637497,1,0,10.8679848
repairEliteFrac,0.3,4,3,15,20600834,329.930043643101,10.510144,1,0,10.8155191
repairEliteFrac,0.3,4,3,16,20600835,330.107655811835,10.4848645,1,0,10.7958011
repairEliteFrac,0.3,4,3,17,20600836,331.337919911425,10.66977,1,0,10.9924358
repairEliteFrac,0.3,4,3,18,20600837,334.191552764722,10.5114677,1,0,10.8216812
repairEliteFrac,0.3,4,3,19,20600838,329.217781849663,10.670742,1,0,10.9772566
repairEliteFrac,0.3,4,3,20,20600839,332.658600230227,10.2321711,1,0,10.5407997
repairEliteFrac,0.3,4,3,21,20600840,329.253218344864,10.510778,1,0,10.8171958
repairEliteFrac,0.3,4,3,22,20600841,333.375383314387,10.580136,1,0,10.8933934
repairEliteFrac,0.3,4,3,23,20600842,328.384189080757,10.5261853,1,0,10.8320733
repairEliteFrac,0.3,4,3,24,20600843,327.822927665934,10.4988902,1,0,10.8054055
repairEliteFrac,0.3,4,3,25,20600844,331.709033898653,10.556679,1,0,10.8609949
repairEliteFrac,0.3,4,3,26,20600845,330.501339079393,10.7133649,1,0,11.0194284
repairEliteFrac,0.3,4,3,27,20600846,330.735430168705,10.4981695,1,0,10.8058032
repairEliteFrac,0.3,4,3,28,20600847,323.136460607047,9.2404923,1,0,9.5480071
repairEliteFrac,0.3,4,3,29,20600848,329.098219184625,10.7809987,1,0,11.086279
repairEliteFrac,0.3,4,3,30,20600849,333.099443011916,10.6115931,1,0,10.9187758
repairEliteFrac,0.4,4,3,1,20600920,329.798959278609,11.7019383,1,0,12.010269
repairEliteFrac,0.4,4,3,2,20600921,329.854919220504,11.9071144,1,0,12.2126407
repairEliteFrac,0.4,4,3,3,20600922,340.905689778815,11.897638,1,0,12.205459
repairEliteFrac,0.4,4,3,4,20600923,325.395515585284,10.7906326,1,0,11.097016
repairEliteFrac,0.4,4,3,5,20600924,329.166139145328,11.7859911,1,0,12.0931712
repairEliteFrac,0.4,4,3,6,20600925,331.270880448889,12.0296979,1,0,12.3448439
repairEliteFrac,0.4,4,3,7,20600926,328.566251204984,11.7321209,1,0,12.0360196
repairEliteFrac,0.4,4,3,8,20600927,328.513791834919,10.3632248,1,0,10.671808
repairEliteFrac,0.4,4,3,9,20600928,334.450953761884,11.651681,1,0,11.961005
repairEliteFrac,0.4,4,3,10,20600929,331.862067000854,11.8391554,1,0,12.1429297
repairEliteFrac,0.4,4,3,11,20600930,332.709875386279,11.7619625,1,0,12.0694916
repairEliteFrac,0.4,4,3,12,20600931,330.679311519111,11.7791409,1,0,12.087892
repairEliteFrac,0.4,4,3,13,20600932,335.030201595602,11.7599172,1,0,12.0648528
repairEliteFrac,0.4,4,3,14,20600933,331.999574150207,11.8525108,1,0,12.1604535
repairEliteFrac,0.4,4,3,15,20600934,330.008350870116,12.0650074,1,0,12.3726705
repairEliteFrac,0.4,4,3,16,20600935,327.94390025221,11.9123965,1,0,12.2269456
repairEliteFrac,0.4,4,3,17,20600936,330.328191652297,11.7248656,1,0,12.0323592
repairEliteFrac,0.4,4,3,18,20600937,328.466119590368,11.9263027,1,0,12.2359335
repairEliteFrac,0.4,4,3,19,20600938,329.017468205831,11.5281869,1,0,11.8307457
repairEliteFrac,0.4,4,3,20,20600939,333.924780508661,11.7702232,1,0,12.0889102
repairEliteFrac,0.4,4,3,21,20600940,328.432519684752,11.6864617,1,0,11.9921855
repairEliteFrac,0.4,4,3,22,20600941,330.795506336489,11.5622961,1,0,11.8680038
repairEliteFrac,0.4,4,3,23,20600942,330.118863304109,11.8969676,1,0,12.2045134
repairEliteFrac,0.4,4,3,24,20600943,327.743996215909,11.6327023,1,0,11.939467
repairEliteFrac,0.4,4,3,25,20600944,332.409299848726,11.479551,1,0,11.785775
repairEliteFrac,0.4,4,3,26,20600945,331.502228580653,11.779061,1,0,12.0861225
repairEliteFrac,0.4,4,3,27,20600946,331.564877902577,11.7861436,1,0,12.0908763
repairEliteFrac,0.4,4,3,28,20600947,330.923666437223,11.8472567,1,0,12.1598457
repairEliteFrac,0.4,4,3,29,20600948,330.229726139659,11.9165124,1,0,12.2251754
repairEliteFrac,0.4,4,3,30,20600949,327.194297691189,11.6841431,1,0,11.9909733
regenWindow,10,2,2,1,20680520,307.560869987706,7.3088855,1,0,7.5811489
regenWindow,10,2,2,2,20680521,321.13352633175,7.3219296,1,0,7.5927342
regenWindow,10,2,2,3,20680522,316.719535744066,7.4648479,1,0,7.7368494
regenWindow,10,2,2,4,20680523,316.879685836332,7.6269224,1,0,7.9021248
regenWindow,10,2,2,5,20680524,315.08826917688,7.4642609,1,0,7.7379527
regenWindow,10,2,2,6,20680525,331.038374833639,7.8642833,1,0,8.1361456
regenWindow,10,2,2,7,20680526,312.598022079325,7.5375058,1,0,7.807793
regenWindow,10,2,2,8,20680527,316.307585910801,6.8758196,1,0,7.1466214
regenWindow,10,2,2,9,20680528,325.897439150812,7.4495568,1,0,7.7192653
regenWindow,10,2,2,10,20680529,328.798244397997,8.682573,1,0,8.9528835
regenWindow,10,2,2,11,20680530,326.977349487601,7.9293815,1,0,8.2072241
regenWindow,10,2,2,12,20680531,313.340805576283,7.3873594,1,0,7.6575249
regenWindow,10,2,2,13,20680532,318.696677833636,7.2351881,1,0,7.5112096
regenWindow,10,2,2,14,20680533,316.28925544822,7.9545839,1,0,8.2232439
regenWindow,10,2,2,15,20680534,314.646828439973,7.3188334,1,0,7.5908073
regenWindow,10,2,2,16,20680535,327.069884629871,6.9230722,1,0,7.1955585
regenWindow,10,2,2,17,20680536,314.424912619415,7.6025323,1,0,7.8782458
regenWindow,10,2,2,18,20680537,318.610279923734,7.6829098,1,0,7.9609013
regenWindow,10,2,2,19,20680538,316.782757103256,7.1922595,1,0,7.4637756
regenWindow,10,2,2,20,20680539,326.807418506184,6.8775531,1,0,7.1492484
regenWindow,10,2,2,21,20680540,316.556420137829,7.449537,1,0,7.7321606
regenWindow,10,2,2,22,20680541,323.000755959658,8.5002089,1,0,8.7687857
regenWindow,10,2,2,23,20680542,310.307428589298,7.365812,1,0,7.6355426
regenWindow,10,2,2,24,20680543,311.510294747441,7.4047731,1,0,7.6790465
regenWindow,10,2,2,25,20680544,310.035542848828,7.3997044,1,0,7.6719355
regenWindow,10,2,2,26,20680545,314.146111907153,7.4296154,1,0,7.7042566
regenWindow,10,2,2,27,20680546,312.582248488282,8.5719394,1,0,8.8446524
regenWindow,10,2,2,28,20680547,319.097781785981,7.3326006,1,0,7.6041593
regenWindow,10,2,2,29,20680548,328.717846892273,7.7998918,1,0,8.0739363
regenWindow,10,2,2,30,20680549,315.345901281428,7.6221514,1,0,7.8949743
regenWindow,14,2,2,1,20680620,327.702695477772,7.860197,1,0,8.1323167
regenWindow,14,2,2,2,20680621,317.518191626881,7.2010346,1,0,7.4737666
regenWindow,14,2,2,3,20680622,323.634541081954,7.5319361,1,0,7.8031117
regenWindow,14,2,2,4,20680623,322.578340690787,7.5024803,1,0,7.7806399
regenWindow,14,2,2,5,20680624,327.36298428798,8.5104737,1,0,8.781533
regenWindow,14,2,2,6,20680625,313.252504376336,7.5794881,1,0,7.8539987
regenWindow,14,2,2,7,20680626,321.41276111827,8.2551118,1,0,8.5304867
regenWindow,14,2,2,8,20680627,327.39553420241,7.3261721,1,0,7.6033972
regenWindow,14,2,2,9,20680628,313.5711000819,7.9218327,1,0,8.1937154
regenWindow,14,2,2,10,20680629,320.081471634044,7.6681028,1,0,7.9403051
regenWindow,14,2,2,11,20680630,320.536872510701,7.2505581,1,0,7.5224338
regenWindow,14,2,2,12,20680631,316.760301642644,7.4378047,1,0,7.7088032
regenWindow,14,2,2,13,20680632,316.568340717422,7.5954952,1,0,7.8666174
regenWindow,14,2,2,14,20680633,316.053346752625,7.2110123,1,0,7.4830809
regenWindow,14,2,2,15,20680634,321.405435871964,7.4066682,1,0,7.681516
regenWindow,14,2,2,16,20680635,313.808810093125,7.6951773,1,0,7.9665588
regenWindow,14,2,2,17,20680636,322.970188591006,7.3441967,1,0,7.6158851
regenWindow,14,2,2,18,20680637,318.277740817853,8.5001701,1,0,8.7727452
regenWindow,14,2,2,19,20680638,315.734268320662,7.2016544,1,0,7.4756642
regenWindow,14,2,2,20,20680639,323.449729893601,8.3722957,1,0,8.6482535
regenWindow,14,2,2,21,20680640,318.55622365866,7.8732692,1,0,8.1498904
regenWindow,14,2,2,22,20680641,315.998024953149,7.5340372,1,0,7.8106389
regenWindow,14,2,2,23,20680642,321.199830950991,7.3424814,1,0,7.6167483
regenWindow,14,2,2,24,20680643,329.03885697871,7.2402836,1,0,7.5190598
regenWindow,14,2,2,25,20680644,316.369253611551,7.359293,1,0,7.6303598
regenWindow,14,2,2,26,20680645,317.73087992283,7.3283502,1,0,7.6022758
regenWindow,14,2,2,27,20680646,323.045541088893,7.7658677,1,0,8.0397234
regenWindow,14,2,2,28,20680647,320.578189649712,7.3570721,1,0,7.6332125
regenWindow,14,2,2,29,20680648,314.826110686048,9.1426682,1,0,9.4157093
regenWindow,14,2,2,30,20680649,324.371939832644,7.3785491,1,0,7.6518967
regenWindow,18,2,2,1,20680720,317.501728291689,7.4655565,1,0,7.7388651
regenWindow,18,2,2,2,20680721,321.113409222358,7.84871,1,0,8.1201704
regenWindow,18,2,2,3,20680722,317.390939074559,7.4530887,1,0,7.725347
regenWindow,18,2,2,4,20680723,315.245360189521,7.3752687,1,0,7.6476938
regenWindow,18,2,2,5,20680724,314.279482366279,6.8675313,1,0,7.1405111
regenWindow,18,2,2,6,20680725,313.232795776332,7.8326852,1,0,8.1113305
regenWindow,18,2,2,7,20680726,321.925257438949,7.4526946,1,0,7.7377991
regenWindow,18,2,2,8,20680727,321.776172610759,7.7098576,1,0,7.9818442
regenWindow,18,2,2,9,20680728,315.722830317485,7.4431216,1,0,7.7217455
regenWindow,18,2,2,10,20680729,318.717524627354,7.6176238,1,0,7.891236
regenWindow,18,2,2,11,20680730,317.055799026861,7.5348058,1,0,7.8041074
regenWindow,18,2,2,12,20680731,320.206891265164,7.606479,1,0,7.8831144
regenWindow,18,2,2,13,20680732,316.579875450363,7.5231832,1,0,7.7972826
regenWindow,18,2,2,14,20680733,311.947735649291,7.653085,1,0,7.9241819
regenWindow,18,2,2,15,20680734,310.868151470022,7.2783066,1,0,7.5504566
regenWindow,18,2,2,16,20680735,313.99351513192,7.558972,1,0,7.8273917
regenWindow,18,2,2,17,20680736,319.071736121184,7.7562734,1,0,8.0276125
regenWindow,18,2,2,18,20680737,319.730659118093,7.8130136,1,0,8.0888211
regenWindow,18,2,2,19,20680738,319.126056562102,7.4478619,1,0,7.7197167
regenWindow,18,2,2,20,20680739,317.614980180479,7.5030103,1,0,7.7813843
regenWindow,18,2,2,21,20680740,329.569131419403,7.1120556,1,0,7.3883274
regenWindow,18,2,2,22,20680741,326.969145995042,7.5476895,1,0,7.8230161
regenWindow,18,2,2,23,20680742,324.404379530396,7.3458512,1,0,7.6181071
regenWindow,18,2,2,24,20680743,322.192664413587,7.2760468,1,0,7.5507755
regenWindow,18,2,2,25,20680744,326.023565091678,7.4940086,1,0,7.7677848
regenWindow,18,2,2,26,20680745,314.621819038626,8.6878214,1,0,8.9606402
regenWindow,18,2,2,27,20680746,320.782616509724,7.0058064,1,0,7.276802
regenWindow,18,2,2,28,20680747,309.376755643417,7.4093222,1,0,7.6833981
regenWindow,18,2,2,29,20680748,319.406223820713,7.7870643,1,0,8.0586268
regenWindow,18,2,2,30,20680749,320.491176690728,7.3937454,1,0,7.6665278
regenWindow,22,2,2,1,20680820,318.935512693055,7.2514702,1,0,7.5241749
regenWindow,22,2,2,2,20680821,321.605674022851,8.0047843,1,0,8.2767501
regenWindow,22,2,2,3,20680822,325.750375749701,7.4056283,1,0,7.6839728
regenWindow,22,2,2,4,20680823,318.011346155617,7.3688929,1,0,7.6420379
regenWindow,22,2,2,5,20680824,318.593825223404,7.3978332,1,0,7.6685111
regenWindow,22,2,2,6,20680825,308.502220599332,7.4125951,1,0,7.6848057
regenWindow,22,2,2,7,20680826,324.618342785661,7.8814275,1,0,8.1542738
regenWindow,22,2,2,8,20680827,319.632879016467,7.7784513,1,0,8.0518276
regenWindow,22,2,2,9,20680828,322.39116355669,7.3196156,1,0,7.5974123
regenWindow,22,2,2,10,20680829,312.201430746814,7.4311281,1,0,7.7104866
regenWindow,22,2,2,11,20680830,322.303671447748,7.5639229,1,0,7.847539
regenWindow,22,2,2,12,20680831,323.696977827591,7.1966177,1,0,7.4738506
regenWindow,22,2,2,13,20680832,322.834107921764,8.0836108,1,0,8.3622802
regenWindow,22,2,2,14,20680833,314.11855159108,7.9254617,1,0,8.2457192
regenWindow,22,2,2,15,20680834,316.835335430513,7.4524327,1,0,7.7768936
regenWindow,22,2,2,16,20680835,312.696638995453,7.4078741,1,0,7.6876523
regenWindow,22,2,2,17,20680836,318.714161080036,7.654584,1,0,7.9322326
regenWindow,22,2,2,18,20680837,322.692238603737,7.5817643,1,0,7.8567081
regenWindow,22,2,2,19,20680838,314.310316387167,7.3032318,1,0,7.5801433
regenWindow,22,2,2,20,20680839,313.793234594362,7.3767652,1,0,7.6477335
regenWindow,22,2,2,21,20680840,324.563009481799,7.8466924,1,0,8.118061
regenWindow,22,2,2,22,20680841,317.629061919291,7.322736,1,0,7.5975109
regenWindow,22,2,2,23,20680842,325.818869480767,7.6150494,1,0,7.8893705
regenWindow,22,2,2,24,20680843,312.27372618524,7.306795,1,0,7.5788745
regenWindow,22,2,2,25,20680844,325.880750506184,7.5522652,1,0,7.8230557
regenWindow,22,2,2,26,20680845,314.085356236839,7.4609838,1,0,7.7369338
regenWindow,22,2,2,27,20680846,333.566964661223,7.0970064,1,0,7.3697788
regenWindow,22,2,2,28,20680847,319.751266055912,7.6328998,1,0,7.9034238
regenWindow,22,2,2,29,20680848,314.645551850313,7.6321442,1,0,7.9049058
regenWindow,22,2,2,30,20680849,333.067342533903,7.9570985,1,0,8.229813
regenWindow,26,2,2,1,20680920,318.737703413509,7.2514259,1,0,7.5213628
regenWindow,26,2,2,2,20680921,321.294577836493,7.4044494,1,0,7.6790399
regenWindow,26,2,2,3,20680922,313.087355214181,7.1767157,1,0,7.4517821
regenWindow,26,2,2,4,20680923,324.325572479064,7.3937486,1,0,7.6645624
regenWindow,26,2,2,5,20680924,308.078661530171,7.7589982,1,0,8.0294365
regenWindow,26,2,2,6,20680925,310.82301950692,7.1939307,1,0,7.4698159
regenWindow,26,2,2,7,20680926,315.257556830464,7.1977485,1,0,7.469576
regenWindow,26,2,2,8,20680927,321.697144683977,7.6957919,1,0,7.9664907
regenWindow,26,2,2,9,20680928,311.797455309075,7.434332,1,0,7.7086887
regenWindow,26,2,2,10,20680929,315.748412298306,7.3642033,1,0,7.63734
regenWindow,26,2,2,11,20680930,321.41568864971,7.4678414,1,0,7.7439759
regenWindow,26,2,2,12,20680931,312.37564909654,7.4220851,1,0,7.6946696
regenWindow,26,2,2,13,20680932,317.838377674341,7.6785363,1,0,7.9509373
regenWindow,26,2,2,14,20680933,324.834046197177,7.8870019,1,0,8.1589919
regenWindow,26,2,2,15,20680934,319.373108361308,7.6839008,1,0,7.9605926
regenWindow,26,2,2,16,20680935,319.491107417446,7.5550006,1,0,7.828039
regenWindow,26,2,2,17,20680936,312.572976140311,7.4278943,1,0,7.7020035
regenWindow,26,2,2,18,20680937,328.223524584956,7.3281827,1,0,7.6017838
regenWindow,26,2,2,19,20680938,313.35452942803,7.6156822,1,0,7.8881572
regenWindow,26,2,2,20,20680939,317.196792524044,7.9235983,1,0,8.2007547
regenWindow,26,2,2,21,20680940,321.421322735342,7.9909263,1,0,8.2652913
regenWindow,26,2,2,22,20680941,318.031011040753,7.4414695,1,0,7.713452
regenWindow,26,2,2,23,20680942,317.363033152364,6.9737416,1,0,7.243857
regenWindow,26,2,2,24,20680943,312.197785139756,8.2550047,1,0,8.5275274
regenWindow,26,2,2,25,20680944,321.536629799743,7.5640788,1,0,7.8408897
regenWindow,26,2,2,26,20680945,322.585636740116,7.712025,1,0,7.9833513
regenWindow,26,2,2,27,20680946,330.937221078516,7.7062032,1,0,7.9793841
regenWindow,26,2,2,28,20680947,309.240818395219,7.5508746,1,0,7.8203582
regenWindow,26,2,2,29,20680948,315.527516131731,7.3507975,1,0,7.6274792
regenWindow,26,2,2,30,20680949,322.50758876942,7.7985873,1,0,8.0722836
regenWindow,10,4,3,1,20700520,330.707788491906,10.0785297,1,0,10.389126
regenWindow,10,4,3,2,20700521,330.910002519204,10.1945565,1,0,10.4979574
regenWindow,10,4,3,3,20700522,331.448146571457,10.1990435,1,0,10.5056149
regenWindow,10,4,3,4,20700523,332.684630757128,10.0993274,1,0,10.4043277
regenWindow,10,4,3,5,20700524,332.571547429461,10.0983849,1,0,10.4063229
regenWindow,10,4,3,6,20700525,333.733699125945,9.9448506,1,0,10.260559
regenWindow,10,4,3,7,20700526,328.596560359454,10.2496729,1,0,10.556222
regenWindow,10,4,3,8,20700527,328.901229623496,10.0764626,1,0,10.3892666
regenWindow,10,4,3,9,20700528,331.494092269301,10.2228716,1,0,10.5314567
regenWindow,10,4,3,10,20700529,331.610088233681,10.126624,1,0,10.4340865
regenWindow,10,4,3,11,20700530,333.198359176951,10.1171756,1,0,10.4226797
regenWindow,10,4,3,12,20700531,332.129661199408,10.1565609,1,0,10.4624973
regenWindow,10,4,3,13,20700532,336.72299416994,10.3275342,1,0,10.6363789
regenWindow,10,4,3,14,20700533,332.215650612663,10.1326175,1,0,10.4401512
regenWindow,10,4,3,15,20700534,329.991638780322,10.3684064,1,0,10.6732292
regenWindow,10,4,3,16,20700535,331.575240645572,10.210633,1,0,10.519127
regenWindow,10,4,3,17,20700536,334.678704919523,10.2310103,1,0,10.5578284
regenWindow,10,4,3,18,20700537,329.795773162807,10.2076748,1,0,10.5136522
regenWindow,10,4,3,19,20700538,329.928195255551,10.2834925,1,0,10.5947043
regenWindow,10,4,3,20,20700539,328.758433322212,10.1769786,1,0,10.4857969
regenWindow,10,4,3,21,20700540,327.620867729373,10.1894386,1,0,10.498111
regenWindow,10,4,3,22,20700541,334.264994155075,9.7668981,1,0,10.0758765
regenWindow,10,4,3,23,20700542,327.774254961707,10.1996038,1,0,10.5035764
regenWindow,10,4,3,24,20700543,331.139537792071,10.0074224,1,0,10.3203975
regenWindow,10,4,3,25,20700544,330.134677727314,10.202482,1,0,10.5160352
regenWindow,10,4,3,26,20700545,337.10461419219,10.1888742,1,0,10.502849
regenWindow,10,4,3,27,20700546,329.48563334723,10.2856818,1,0,10.5976285
regenWindow,10,4,3,28,20700547,330.054285642208,10.0629632,1,0,10.3683565
regenWindow,10,4,3,29,20700548,344.502678065916,10.0510498,1,0,10.3676154
regenWindow,10,4,3,30,20700549,330.423194849392,10.1139428,1,0,10.432228
regenWindow,14,4,3,1,20700620,329.258595224122,10.0339135,1,0,10.3383716
regenWindow,14,4,3,2,20700621,329.22289637178,10.1331002,1,0,10.4384199
regenWindow,14,4,3,3,20700622,333.652500920448,10.3091966,1,0,10.6156243
regenWindow,14,4,3,4,20700623,332.027875804174,10.1751324,1,0,10.48837
regenWindow,14,4,3,5,20700624,328.511250343168,10.2096699,1,0,10.5161678
regenWindow,14,4,3,6,20700625,326.825209108382,10.1207577,1,0,10.4263133
regenWindow,14,4,3,7,20700626,333.975429363208,10.2169761,1,0,10.5241713
regenWindow,14,4,3,8,20700627,327.807175553224,10.2959475,1,0,10.6031426
regenWindow,14,4,3,9,20700628,315.392448947434,8.6155251,1,0,8.9240509
regenWindow,14,4,3,10,20700629,327.624392478388,10.1006349,1,0,10.4100557
regenWindow,14,4,3,11,20700630,331.185665440792,10.2581368,1,0,10.5665906
regenWindow,14,4,3,12,20700631,330.828040448823,10.0893298,1,0,10.3960197
regenWindow,14,4,3,13,20700632,331.239012530648,10.2727066,1,0,10.5805474
regenWindow,14,4,3,14,20700633,329.366809852137,10.2856858,1,0,10.5927179
regenWindow,14,4,3,15,20700634,329.262529209123,10.20418,1,0,10.5125191
regenWindow,14,4,3,16,20700635,332.841172069942,10.3022058,1,0,10.6099676
regenWindow,14,4,3,17,20700636,337.678465684467,10.0507686,1,0,10.3638798
regenWindow,14,4,3,18,20700637,332.955825492591,10.3651612,1,0,10.6806502
regenWindow,14,4,3,19,20700638,333.08211243938,10.1654469,1,0,10.4745521
regenWindow,14,4,3,20,20700639,332.417355161894,10.0914021,1,0,10.3967459
regenWindow,14,4,3,21,20700640,330.085943276236,10.1649488,1,0,10.4725324
regenWindow,14,4,3,22,20700641,329.921328935709,10.1656858,1,0,10.4771468
regenWindow,14,4,3,23,20700642,332.112959292709,10.2416618,1,0,10.5465886
regenWindow,14,4,3,24,20700643,334.417890308706,9.8345775,1,0,10.1458092
regenWindow,14,4,3,25,20700644,333.456207470204,10.1640609,1,0,10.4729179
regenWindow,14,4,3,26,20700645,337.078213782663,9.9389295,1,0,10.2434001
regenWindow,14,4,3,27,20700646,332.585525065423,10.1408753,1,0,10.4437917
regenWindow,14,4,3,28,20700647,327.821483179289,10.2072946,1,0,10.5125326
regenWindow,14,4,3,29,20700648,330.223481605732,10.0356606,1,0,10.3394891
regenWindow,14,4,3,30,20700649,332.715740859462,10.1574464,1,0,10.4606258
regenWindow,18,4,3,1,20700720,332.163792373029,10.1295395,1,0,10.4364697
regenWindow,18,4,3,2,20700721,333.006168734653,10.1329887,1,0,10.4368624
regenWindow,18,4,3,3,20700722,330.117529228449,10.1183798,1,0,10.4279135
regenWindow,18,4,3,4,20700723,330.54682740832,10.1121831,1,0,10.4238613
regenWindow,18,4,3,5,20700724,331.854978494618,10.3039155,1,0,10.6076843
regenWindow,18,4,3,6,20700725,332.232700657428,10.2296767,1,0,10.5357088
regenWindow,18,4,3,7,20700726,331.065588161629,10.1711083,1,0,10.4827002
regenWindow,18,4,3,8,20700727,330.874318909445,10.3441631,1,0,10.6548341
regenWindow,18,4,3,9,20700728,331.962620145161,10.2166149,1,0,10.5228731
regenWindow,18,4,3,10,20700729,331.692599712077,10.1517244,1,0,10.4586016
regenWindow,18,4,3,11,20700730,331.772621413717,10.2965471,1,0,10.6014824
regenWindow,18,4,3,12,20700731,330.850434305537,9.9837481,1,0,10.2931568
regenWindow,18,4,3,13,20700732,330.321499789357,10.2640409,1,0,10.5689088
regenWindow,18,4,3,14,20700733,328.449141229089,10.1774378,1,0,10.4838966
regenWindow,18,4,3,15,20700734,330.934222758184,10.0823387,1,0,10.3881733
regenWindow,18,4,3,16,20700735,330.374439751023,10.1869783,1,0,10.4972609
regenWindow,18,4,3,17,20700736,333.048735400126,9.9718756,1,0,10.2795825
regenWindow,18,4,3,18,20700737,330.256418169262,10.2031846,1,0,10.507946
regenWindow,18,4,3,19,20700738,337.053658050022,10.0270436,1,0,10.33862
regenWindow,18,4,3,20,20700739,332.11410630475,10.1334833,1,0,10.4389754
regenWindow,18,4,3,21,20700740,328.355370076916,10.2699569,1,0,10.5813063
regenWindow,18,4,3,22,20700741,329.1532420439,10.1907224,1,0,10.4979124
regenWindow,18,4,3,23,20700742,330.541847575526,10.1630274,1,0,10.4708272
regenWindow,18,4,3,24,20700743,331.012648599275,10.1002932,1,0,10.4133888
regenWindow,18,4,3,25,20700744,329.529669842341,10.1752775,1,0,10.4783788
regenWindow,18,4,3,26,20700745,332.195453754475,10.2550983,1,0,10.5598232
regenWindow,18,4,3,27,20700746,330.18251398858,10.2102248,1,0,10.5184193
regenWindow,18,4,3,28,20700747,330.389805697525,10.0250103,1,0,10.330017
regenWindow,18,4,3,29,20700748,331.092401069458,10.243714,1,0,10.5493346
regenWindow,18,4,3,30,20700749,330.722295136322,10.2993084,1,0,10.6047304
regenWindow,22,4,3,1,20700820,330.363923956782,10.3720657,1,0,10.6836612
regenWindow,22,4,3,2,20700821,332.097443044925,10.2177749,1,0,10.5317482
regenWindow,22,4,3,3,20700822,331.056098092918,10.2446876,1,0,10.5550302
regenWindow,22,4,3,4,20700823,333.92480658891,10.0477245,1,0,10.3625843
regenWindow,22,4,3,5,20700824,331.731430033233,10.0893222,1,0,10.3975967
regenWindow,22,4,3,6,20700825,331.97358249319,10.1385058,1,0,10.4428073
regenWindow,22,4,3,7,20700826,330.233640875328,10.2564719,1,0,10.5649399
regenWindow,22,4,3,8,20700827,331.354459347772,10.1091345,1,0,10.413299
regenWindow,22,4,3,9,20700828,328.109283918654,10.2918249,1,0,10.5965441
regenWindow,22,4,3,10,20700829,329.709127894074,10.2439748,1,0,10.5519019
regenWindow,22,4,3,11,20700830,332.066121129424,10.2644577,1,0,10.5711299
regenWindow,22,4,3,12,20700831,332.503524380621,10.1766733,1,0,10.4833002
regenWindow,22,4,3,13,20700832,331.029991452128,10.221761,1,0,10.5274802
regenWindow,22,4,3,14,20700833,334.101121861097,9.3849598,1,0,9.68988
regenWindow,22,4,3,15,20700834,329.737973025222,10.0223922,1,0,10.3288939
regenWindow,22,4,3,16,20700835,330.679455450524,10.0401594,1,0,10.3445231
regenWindow,22,4,3,17,20700836,329.112911831454,10.298062,1,0,10.6034764
regenWindow,22,4,3,18,20700837,330.802817505673,10.0289273,1,0,10.3388781
regenWindow,22,4,3,19,20700838,329.007286874289,10.1845195,1,0,10.493196
regenWindow,22,4,3,20,20700839,329.57824180358,10.056134,1,0,10.3576353
regenWindow,22,4,3,21,20700840,328.157510124442,10.1369197,1,0,10.4417283
regenWindow,22,4,3,22,20700841,329.107236941906,10.2637471,1,0,10.5706626
regenWindow,22,4,3,23,20700842,333.468846281759,10.1924931,1,0,10.4978245
regenWindow,22,4,3,24,20700843,331.31024290662,10.1186734,1,0,10.428984
regenWindow,22,4,3,25,20700844,331.974446649199,10.1896114,1,0,10.4966385
regenWindow,22,4,3,26,20700845,329.00581409673,10.1685744,1,0,10.4827035
regenWindow,22,4,3,27,20700846,326.179081462291,10.4529401,1,0,10.7598399
regenWindow,22,4,3,28,20700847,332.793405070832,10.0829916,1,0,10.3872561
regenWindow,22,4,3,29,20700848,333.935903644471,9.9626406,1,0,10.2661807
regenWindow,22,4,3,30,20700849,328.837123395217,10.1046673,1,0,10.4074675
regenWindow,26,4,3,1,20700920,327.866927624855,10.1364409,1,0,10.4431065
regenWindow,26,4,3,2,20700921,326.367151219545,10.1661452,1,0,10.4717412
regenWindow,26,4,3,3,20700922,343.431663308198,9.9024042,1,0,10.2119602
regenWindow,26,4,3,4,20700923,326.601483930561,10.2397913,1,0,10.5459914
regenWindow,26,4,3,5,20700924,328.789872382056,10.2671251,1,0,10.5764594
regenWindow,26,4,3,6,20700925,331.427409089128,10.1273128,1,0,10.4369685
regenWindow,26,4,3,7,20700926,331.970222955865,10.0737356,1,0,10.3804915
regenWindow,26,4,3,8,20700927,324.422341700621,9.7556045,1,0,10.0617714
regenWindow,26,4,3,9,20700928,332.618338278051,10.2203604,1,0,10.5264103
regenWindow,26,4,3,10,20700929,328.916889256098,10.0973231,1,0,10.4079842
regenWindow,26,4,3,11,20700930,332.763725187175,10.2456844,1,0,10.5508872
regenWindow,26,4,3,12,20700931,329.898046907243,10.1510084,1,0,10.4542612
regenWindow,26,4,3,13,20700932,345.733277285823,10.1982672,1,0,10.5059825
regenWindow,26,4,3,14,20700933,331.073142387383,10.0248816,1,0,10.3289757
regenWindow,26,4,3,15,20700934,329.783520130868,10.1980863,1,0,10.5016574
regenWindow,26,4,3,16,20700935,330.050285618002,10.1557646,1,0,10.4605059
regenWindow,26,4,3,17,20700936,328.941114133647,10.0460679,1,0,10.3557858
regenWindow,26,4,3,18,20700937,335.898206569524,9.9611059,1,0,10.264756
regenWindow,26,4,3,19,20700938,329.768259129294,10.1541144,1,0,10.4604949
regenWindow,26,4,3,20,20700939,332.091772137537,10.05716,1,0,10.3635867
regenWindow,26,4,3,21,20700940,329.138039310603,10.1675354,1,0,10.4785883
regenWindow,26,4,3,22,20700941,331.822388039457,10.1622137,1,0,10.464806
regenWindow,26,4,3,23,20700942,332.023767364901,10.2583337,1,0,10.5713885
regenWindow,26,4,3,24,20700943,329.556581079273,10.1909036,1,0,10.4991876
regenWindow,26,4,3,25,20700944,330.437331221991,10.0601057,1,0,10.3651481
regenWindow,26,4,3,26,20700945,332.232250924666,10.238689,1,0,10.5505866
regenWindow,26,4,3,27,20700946,330.457697782014,10.24131,1,0,10.5531152
regenWindow,26,4,3,28,20700947,340.728622675416,10.2442021,1,0,10.5535855
regenWindow,26,4,3,29,20700948,331.987932604008,10.2303639,1,0,10.5346519
regenWindow,26,4,3,30,20700949,339.13545569375,9.8014278,1,0,10.1060714
