algorithm,sceneId,runFile,bestFit,feasible,meanZ,maxZ,minZ,stdZ,pathLen,detourRatio,turnPenalty,lowAltFrac,highAltFrac,costNorm,meanZNorm,maxZNorm,stdZNorm,detourNorm,turnNorm,lowFracNorm,highFracNorm,repScore,inCostGate,manualSelected,isSelected
AE,4,scene4_AE_run001.mat,1553.98002269953,0,16.3336324355052,18.6052440885611,12,1.10136886948576,160.236970987642,1.25754404626186,0.0588875597779657,1,0,0.330287048998426,0.336398430481087,0.303072049991414,0.18735755849372,0.387480833930401,0.678354925388091,1,0,2.03239908839585,0,0,0
AE,4,scene4_AE_run002.mat,1611.22191158328,0,18.0428503460528,19.3280813665931,12,1.60327133854616,145.228781289642,1.13975937095529,0.0526020075247918,1,0,0.43531171534001,0.940097560081213,0.665028126562458,0.720200835442272,0.0607367068250842,0.473445309772791,1,0,2.59779684732975,0,0,0
AE,4,scene4_AE_run003.mat,1492.54340355065,0,16.9541557119597,19.3879422988548,12,1.52683862476805,161.810686655561,1.26989460903462,0.0626735033808594,1,0,0.217566093189814,0.555568472861592,0.695003099962183,0.639056270140882,0.421742284683165,0.801777055562642,1,0,2.54838764323734,0,0,0
AE,4,scene4_AE_run004.mat,1488.66030406201,0,16.6880295784924,18,12,0.924890671724428,143.719025618785,1.12791076795503,0.0416141324181055,1,0,0.210441568892705,0.461572198807436,0,0,0.0278677327020927,0.115239511164856,1,0,1.44177883411475,0,0,0
AE,4,scene4_AE_run005.mat,1751.81848099101,0,16.9225391193966,19.2797830435225,12,1.62364901239223,163.451816511556,1.28277424016362,0.0606165086008057,1,0,0.693271542990093,0.544401430149554,0.640843054686816,0.741834732818902,0.457471413449116,0.734718825398275,1,0,2.719028860647,0,0,0
AE,4,scene4_AE_run006.mat,1799.95981648619,0,17.5323624319616,18.3736250065733,12,1.04876087516994,152.348544518647,1.19563546374613,0.0380791886484739,1,0,0.781598951400537,0.759792224227659,0.187090297634167,0.131506436387445,0.215741465444816,0,1,0,2.08691782752126,0,0,0
AE,4,scene4_AE_run007.mat,1788.57573889759,0,17.3306186043915,18.7528564669709,12,1.12379481292429,159.005877640911,1.24788239265575,0.0580806898213969,1,0,0.760711993026786,0.688535907315287,0.376987990641276,0.211165995246022,0.360678632661831,0.652050886221355,1,0,2.49001522381394,0,0,0
AE,4,scene4_AE_run008.mat,1452.31828446576,0,16.4423285406194,18.1897793843084,12,1.19795553714241,173.932395731588,1.36502610699742,0.0460993071038145,1,0,0.143762978149,0.374790108712065,0.0950307952369956,0.289898509527602,0.685644682691831,0.261456642738624,1,0,1.89502657013185,1,0,0
AE,4,scene4_AE_run009.mat,1737.56056589621,0,16.4295753257996,18,12,0.975644271295311,158.353531253381,1.24276276070888,0.0568905465068432,1,0,0.667111805693533,0.370285648140472,0,0.0538824093910359,0.346476363417306,0.613252098256595,1,0,1.94389239991268,0,0,0
AE,4,scene4_AE_run010.mat,1658.45802245003,0,17.2403638449431,18.3476380962107,12,1.0899454422436,142.438989700308,1.1178650117331,0.0475216138669041,1,0,0.521978261112629,0.656657748664442,0.174077520896055,0.17522991063199,0,0.307823981736493,1,0,1.91396432278881,0,0,0
AE,4,scene4_AE_run011.mat,1433.03966978084,0,17.4238833303581,19.243919760991,12,1.22979060354967,156.967435992663,1.23188464792427,0.0535521466366158,1,0,0.108391502568889,0.721477192063699,0.622884748671665,0.323696113946795,0.31629960691558,0.504419937354098,1,0,2.33370789407665,1,0,0
AE,4,scene4_AE_run012.mat,1687.24779784793,0,18.212448608125,19.997030371419,12,1.50583725337997,148.276961545932,1.16368157136636,0.0526659113618676,1,0,0.574800357206521,1,1,0.616760226107095,0.127098807594215,0.475528581085175,1,0,2.89422597602027,0,0,0
AE,4,scene4_AE_run013.mat,1620.54010757485,0,17.7283566827315,19.2438687727964,12,1.21145702493431,164.090806114257,1.2877890477049,0.0472851896048339,1,0,0.45240829345796,0.829017779299501,0.622859216664049,0.304232324246994,0.471382891393163,0.3001165277672,1,0,2.5506645034579,0,0,0
AE,4,scene4_AE_run014.mat,1694.59589985907,0,17.1302440098531,18.647256849131,12,1.28588624651924,150.05811822976,1.17766013679606,0.0454124932114204,1,0,0.588282301583501,0.617763206204228,0.324109667231073,0.383249887966678,0.165876468165294,0.239066442956472,1,0,2.10956674892883,0,0,0
AE,4,scene4_AE_run015.mat,1373.96274469154,0,17.078443209285,18,12,1.12090311629057,158.178966051666,1.24139276832354,0.0469380204053231,1,0,0,0.599467061504043,0,0.208096034037941,0.342675894766174,0.288798778051681,1,0,1.75561555797959,1,0,1
AE,4,scene4_AE_run016.mat,1734.49828791049,0,16.2522785837151,18,12,1.03244484552438,168.900164299648,1.3255330197427,0.0454800337514946,1,0,0.661493285236452,0.307664089931391,0,0.114184571604813,0.576087694160408,0.241268271140791,1,0,1.88724706468887,0,0,0
AE,4,scene4_AE_run017.mat,1692.32373978854,0,17.5551648965643,18.2971565668436,12,1.12438193866832,151.561551815842,1.18945912390543,0.055980724135077,1,0,0.584113451499474,0.767846099598615,0.148799222633968,0.211789315561643,0.198607803831355,0.583591800327694,1,0,2.23698786887617,0,0,0
AE,4,scene4_AE_run018.mat,1666.51045956002,0,16.2433580510419,18.0473561937301,12,0.932741357499688,158.926473938693,1.24725923027094,0.0534518294235562,1,0,0.536752485674477,0.304513340236368,0.0237133067217255,0.00833465741384825,0.358949930273846,0.501149586438272,1,0,1.8060942787234,0,0,0
AE,4,scene4_AE_run019.mat,1611.63500510696,0,16.9585753840078,18.5041933813978,12,0.995767449142293,154.816616377084,1.21500495789091,0.0496952228738453,1,0,0.436069639481547,0.557129509726493,0.252471564085219,0.0752461218403448,0.26947399423379,0.378683847054673,1,0,1.9996301144449,0,0,0
AE,4,scene4_AE_run020.mat,1918.9955534374,0,17.1136256919272,19.1933933632468,12,1.86682330139868,188.371535851818,1.47834486595434,0.0614132337733504,1,0,1,0.611893583609384,0.597583982860921,1,1,0.760692143617806,1,0,3.24186823572767,0,0,0
AE,4,scene4_AE_run021.mat,1732.74643192875,0,16.6505674307223,18.619031297071,12,1.28883017213574,148.446098647802,1.16500896387851,0.0687539436339812,1,0,0.658279064085671,0.44834049449273,0.309975905189255,0.386375297920374,0.130781100783731,1,1,0,2.28857717426905,0,0,0
AE,4,scene4_AE_run022.mat,1399.65167744552,0,17.2442687679259,18.512704659165,12,1.09206758178629,153.159024723709,1.20199613413453,0.0432698588619928,1,0,0.0471328190555906,0.658036975146539,0.256733531198497,0.177482873822602,0.233386474767583,0.169216354489916,1,0,1.8440041225151,1,0,0
AE,4,scene4_AE_run023.mat,1457.91022823536,0,16.9359753106639,18.8804635791908,12,1.21315290783378,170.983375663124,1.34188211840012,0.0634329808349875,1,0,0.15402280779571,0.549147119346421,0.440886424058309,0.306032753328695,0.621441403850362,0.826536094534164,1,0,2.41487239412371,1,0,0
AE,4,scene4_AE_run024.mat,1606.76520141566,0,16.6996218832344,18.2048999603669,12,1.30118744136299,155.809443029431,1.2227966880886,0.0446349283105257,1,0,0.427134757740196,0.465666623654991,0.102602325582693,0.399494356373127,0.291088878134908,0.213717751458785,1,0,1.8719947225588,0,0,0
AE,4,scene4_AE_run025.mat,1520.74695613488,0,15.3812073047299,18,12,1.18216559956329,159.312975086281,1.25029250164413,0.0501158536797189,1,0,0.269312615842516,0,0,0.273135168836691,0.367364468111865,0.392396452292182,1,0,1.48501787692458,0,0,0
AE,4,scene4_AE_run026.mat,1618.35167814586,0,15.9226072227094,18.1404073093145,12,1.03992560568118,144.805464837893,1.13643717208757,0.050676233671454,1,0,0.448393068330459,0.191223516459135,0.0703080490532058,0.122126498576159,0.0515206609661645,0.410664894599215,1,0,1.53457823767091,0,0,0
AE,4,scene4_AE_run027.mat,1575.85219251974,0,16.2597575674967,18,12,1.13488833281834,164.53446411055,1.29127088755981,0.0395342774543208,1,0,0.370417054879234,0.310305681721065,0,0.222943397944013,0.481041794142203,0.047436036784463,1,0,1.67017933422049,0,0,0
AE,4,scene4_AE_run028.mat,1712.14334221376,0,16.4803455831695,18,12,0.970732761004491,152.587959150697,1.19751439620015,0.0423569197477391,1,0,0.620477505382449,0.388217802955041,0,0.048668118967188,0.220953774626648,0.139454450452378,1,0,1.67882774033666,0,0,0
AE,4,scene4_AE_run029.mat,1647.71496309047,0,17.3984889228587,19.8538280209313,12,1.47612471068132,159.7502121122,1.25372394955131,0.0534926520163953,1,0,0.502267412174403,0.712507837360862,0.92829235221598,0.585215992727135,0.376883579560126,0.502480406940618,1,0,2.7504307663253,0,0,0
AE,4,scene4_AE_run030.mat,1905.83308838909,0,15.9414106108847,18.0293397423333,12,1.07855837206085,156.076165346286,1.22488993198543,0.0446638672388611,1,0,0.975850141794951,0.197864910166103,0.0146916855913902,0.163140861135222,0.296895704431351,0.214661163340939,1,0,1.78676148447525,0,0,0
PSO,4,scene4_PSO_run001.mat,1616.87405725754,0,12.9531958096473,18,10.025048623562,1.46435687175746,147.035898296463,1.15394167369615,0.0415196582389758,1,0,NaN,NaN,NaN,NaN,NaN,NaN,NaN,NaN,NaN,0,0,0
PSO,4,scene4_PSO_run002.mat,1482.35860641331,0,12.6760057988581,18,9.82453374965437,1.42507738732411,149.671977400553,1.17462969321119,0.0465800269850159,1,0,NaN,NaN,NaN,NaN,NaN,NaN,NaN,NaN,NaN,0,0,0
PSO,4,scene4_PSO_run003.mat,2528.67942763635,0,15.6138151196182,19.1508231926534,10.6117380590524,2.16808030841926,198.981563283689,1.56161264582677,0.0532993284297356,1,0,NaN,NaN,NaN,NaN,NaN,NaN,NaN,NaN,NaN,0,0,0
PSO,4,scene4_PSO_run004.mat,1128.66230705363,0,18.5444149568595,21.7421091930978,12,1.26335633264675,185.613040053491,1.45669611693941,0.0459757967559121,1,0,NaN,NaN,NaN,NaN,NaN,NaN,NaN,NaN,NaN,0,0,0
PSO,4,scene4_PSO_run005.mat,1668.03864188246,0,17.758218863029,19.5887261771143,10.5377764822256,2.93120883301833,177.942754931172,1.39649951356348,0.0264021921292324,1,0,NaN,NaN,NaN,NaN,NaN,NaN,NaN,NaN,NaN,0,0,0
PSO,4,scene4_PSO_run006.mat,1962.28541649614,0,11.8633928171649,18,8.72863336776831,2.96073228411559,278.602896532683,2.18648300480545,0.0460071509149021,1,0,NaN,NaN,NaN,NaN,NaN,NaN,NaN,NaN,NaN,0,0,0
PSO,4,scene4_PSO_run007.mat,1017.37753184538,0,24.5855212868072,25.989968870267,12,2.73374517978267,157.68855829651,1.23754403510713,0.0213944844485508,1,0,NaN,NaN,NaN,NaN,NaN,NaN,NaN,NaN,NaN,0,0,0
PSO,4,scene4_PSO_run008.mat,669.909253231867,0,24.6575924105492,25.9102693118771,12,2.53259043612884,152.417882118773,1.19617962709172,0.0349894005659761,1,0,NaN,NaN,NaN,NaN,NaN,NaN,NaN,NaN,NaN,0,0,0
PSO,4,scene4_PSO_run009.mat,1425.16215317267,0,12.9674157070565,20.7210913729706,9.33246750561404,3.32956542861107,219.644933366175,1.72377932847668,0.0450008914678459,1,0,NaN,NaN,NaN,NaN,NaN,NaN,NaN,NaN,NaN,0,0,0
PSO,4,scene4_PSO_run010.mat,2191.82784150709,0,11.324743104296,18,9.24687606380927,1.43277572116708,165.574139992429,1.29943029176746,0.0468821288841012,1,0,NaN,NaN,NaN,NaN,NaN,NaN,NaN,NaN,NaN,0,0,0
PSO,4,scene4_PSO_run011.mat,1337.05726529332,0,19.5947257273275,23.1508277484511,12,1.85976127302573,154.196101899761,1.21013514362915,0.0478427410056109,1,0,NaN,NaN,NaN,NaN,NaN,NaN,NaN,NaN,NaN,0,0,0
PSO,4,scene4_PSO_run012.mat,636.317114670683,0,24.7770247648125,25.9780709571299,12,2.56139141551423,146.868715452934,1.15262961825588,0.0314358375386576,1,0,NaN,NaN,NaN,NaN,NaN,NaN,NaN,NaN,NaN,0,0,0
PSO,4,scene4_PSO_run013.mat,1716.66895112222,0,19.7510157110866,21.977101602956,10.8639262736691,3.36735939171521,144.370069484949,1.13302017767928,0.0302455841606845,1,0,NaN,NaN,NaN,NaN,NaN,NaN,NaN,NaN,NaN,0,0,0
PSO,4,scene4_PSO_run014.mat,654.550453671908,0,24.8543364150537,25.9999731302811,12,2.59176264208986,153.756478085296,1.20668496414144,0.0243191358710412,1,0,NaN,NaN,NaN,NaN,NaN,NaN,NaN,NaN,NaN,0,0,0
PSO,4,scene4_PSO_run015.mat,1323.62410634159,0,16.6809078579412,18,11.2847363919864,2.07872805788574,147.104435878078,1.15447955847501,0.043795484803513,1,0,NaN,NaN,NaN,NaN,NaN,NaN,NaN,NaN,NaN,0,0,0
PSO,4,scene4_PSO_run016.mat,912.163483894262,0,12.1688816049071,20.1706822600651,8.38947514767447,3.36585898111039,181.53208702291,1.42466868809418,0.0425271077313871,1,0,NaN,NaN,NaN,NaN,NaN,NaN,NaN,NaN,NaN,0,0,0
PSO,4,scene4_PSO_run017.mat,941.922457251186,0,12.6197945605847,18,9.46385979047722,1.65538143951184,178.092481248412,1.39767456971721,0.0406386858495908,1,0,NaN,NaN,NaN,NaN,NaN,NaN,NaN,NaN,NaN,0,0,0
PSO,4,scene4_PSO_run018.mat,649.836292216638,0,16.2524037194419,18,12,0.963606056907907,150.646173088669,1.18227520710186,0.0264675564991901,1,0,NaN,NaN,NaN,NaN,NaN,NaN,NaN,NaN,NaN,0,0,0
PSO,4,scene4_PSO_run019.mat,1484.90498917065,0,19.6432790600353,23.2147507007723,10.9921471512572,3.34385914029214,150.012764728937,1.17730420130511,0.0455158160392915,1,0,NaN,NaN,NaN,NaN,NaN,NaN,NaN,NaN,NaN,0,0,0
PSO,4,scene4_PSO_run020.mat,2653.05744611991,0,22.223513635197,25.85536841816,12,4.03250190221672,269.235980601115,2.11297119733072,0.0563761891992607,1,0,NaN,NaN,NaN,NaN,NaN,NaN,NaN,NaN,NaN,0,0,0
PSO,4,scene4_PSO_run021.mat,1067.44356125852,0,18.8418499662358,21.9230920790035,10.9765245132482,2.82137137706687,185.650463674232,1.45698981851878,0.0296774639780462,1,0,NaN,NaN,NaN,NaN,NaN,NaN,NaN,NaN,NaN,0,0,0
PSO,4,scene4_PSO_run022.mat,441.456149155464,1,17.2420935914417,22.5765864546546,9.49479148654991,4.24692382128614,194.852589408429,1.52920834810447,0.0308067700448286,1,0,0,0,0,0,0,0,1,0,0.95,1,0,1
PSO,4,scene4_PSO_run023.mat,1938.2208380271,0,9.04249266492557,18,8.00632196230343,1.70262607472619,159.139666044802,1.24893236763802,0.0284222652973323,1,0,NaN,NaN,NaN,NaN,NaN,NaN,NaN,NaN,NaN,0,0,0
PSO,4,scene4_PSO_run024.mat,1591.0445644408,0,13.2326790549962,18,10.0251820666146,1.634564732,163.438153699125,1.28266701404519,0.0496721894845703,1,0,NaN,NaN,NaN,NaN,NaN,NaN,NaN,NaN,NaN,0,0,0
PSO,4,scene4_PSO_run025.mat,1387.85765893387,0,8.7743885321142,18,8.01320019412707,1.73038366208073,201.002960991498,1.57747662925653,0.0620695757869624,1,0,NaN,NaN,NaN,NaN,NaN,NaN,NaN,NaN,NaN,0,0,0
PSO,4,scene4_PSO_run026.mat,1429.65078962376,0,15.1166279246523,18.0077956234769,12,1.12469870474272,148.977931795173,1.16918280468415,0.0341777319520737,1,0,NaN,NaN,NaN,NaN,NaN,NaN,NaN,NaN,NaN,0,0,0
PSO,4,scene4_PSO_run027.mat,1362.61787559273,0,13.8240843156241,18,11.1423717820671,1.25609987761022,162.44283083848,1.27485569353784,0.0532046219429487,1,0,NaN,NaN,NaN,NaN,NaN,NaN,NaN,NaN,NaN,0,0,0
PSO,4,scene4_PSO_run028.mat,2149.48682782246,0,8.74996709210952,18,8.00000000011222,1.74624600271056,288.21070794141,2.26188536644635,0.0380216419140008,1,0,NaN,NaN,NaN,NaN,NaN,NaN,NaN,NaN,NaN,0,0,0
PSO,4,scene4_PSO_run029.mat,908.659906830607,0,15.0371596936985,18,11.955491334962,1.49973793686645,130.711709960824,1.02582900578305,0.0193592136818927,1,0,NaN,NaN,NaN,NaN,NaN,NaN,NaN,NaN,NaN,0,0,0
PSO,4,scene4_PSO_run030.mat,1326.27065058601,0,13.8203257627041,18,11.2881391745251,0.991588561012451,152.131453934086,1.19393173101559,0.0494357690011673,1,0,NaN,NaN,NaN,NaN,NaN,NaN,NaN,NaN,NaN,0,0,0
GWO,4,scene4_GWO_run001.mat,346.344633558522,1,13.8265647669142,18,12,0.986965833025089,173.966319686052,1.36529234310198,0.0157882871020722,1,0,0.0720079604916882,0.637421573937178,0,0.166803380039149,0.139285908979095,0.216201161405934,1,0,1.66165792416022,1,0,0
GWO,4,scene4_GWO_run002.mat,340.258114105643,1,15.5323520535457,18,12,1.50712710647908,172.530123052501,1.35402103339954,0.0156679503304452,1,0,0,1,0,1,0,0.211736505565944,1,0,2.03469460222638,1,0,0
GWO,4,scene4_GWO_run003.mat,352.527345696382,1,12.9959758534972,18,12,1.073152723315,173.836247446638,1.3642715326782,0.0154786136498635,1,0,0.145153950544168,0.460873405656099,0,0.304857920696603,0.126671180830787,0.204711860436652,1,0,1.58148500826549,1,0,0
GWO,4,scene4_GWO_run004.mat,346.193497260109,1,10.8277497826539,18,10.2141523529808,1.33883153552115,173.531627107867,1.36188086408886,0.0143294484424357,1,0,0.0702199079455283,0,0,0.73042341282846,0.0971283454083758,0.162076287908891,1,0,1.27894492152349,1,0,1
GWO,4,scene4_GWO_run005.mat,980.08536164729,0,19.2238500250451,20.8226635593298,12,1.48060232524528,160.329239157299,1.25826816933219,0.0379454231555956,1,0,NaN,NaN,NaN,NaN,NaN,NaN,NaN,NaN,NaN,0,0,0
GWO,4,scene4_GWO_run006.mat,1059.90692991598,0,13.2699324792197,18.655440504461,8.61738932136887,3.70884582217868,294.921588215878,2.31455253484274,0.0402784440964837,1,0,NaN,NaN,NaN,NaN,NaN,NaN,NaN,NaN,NaN,0,0,0
GWO,4,scene4_GWO_run007.mat,350.971890235482,1,12.0617211533166,18,11.4333463718727,1.28265300980749,175.176813425045,1.37479233043403,0.0149749383316308,1,0,0.126751778951331,0.262290263790726,0,0.64043640278408,0.256682591863942,0.186024829692812,1,0,1.57311286752189,1,0,0
GWO,4,scene4_GWO_run008.mat,340.523215689025,1,13.6466344608828,18,12,1.18101126137561,173.218055420619,1.35941994507657,0.018938020752833,1,0,0.00313634491604832,0.59917598043725,0,0.477626202251436,0.0667173860257543,0.333060509950551,1,0,1.6899618401516,1,0,0
GWO,4,scene4_GWO_run009.mat,351.001682191948,1,11.7817111072559,18,11.1332460085927,1.16272246405954,175.268082057796,1.3755086091119,0.0152408773142877,1,0,0.127104239506295,0.202771938980744,0,0.448331126119169,0.265534050067485,0.195891523106206,1,0,1.48940376834747,1,0,0
GWO,4,scene4_GWO_run010.mat,932.931769567815,0,9.26111009059531,18,8.09133160269342,1.73759812318384,157.880032113324,1.2390467267573,0.0375040933884348,1,0,NaN,NaN,NaN,NaN,NaN,NaN,NaN,NaN,NaN,0,0,0
GWO,4,scene4_GWO_run011.mat,346.102252895675,1,14.6567536282016,18,12,0.947054463495299,173.473717319122,1.36142638651351,0.0154869870344403,1,0,0.0691404206227426,0.813884708009946,0,0.102873172452922,0.0915121105728139,0.205022524249933,1,0,1.74612866288481,1,0,0
GWO,4,scene4_GWO_run012.mat,1544.65033269125,0,9.00240655192088,18,8.03760142347035,1.88255571155833,152.67357186797,1.19818628710165,0.0415267183220815,1,0,NaN,NaN,NaN,NaN,NaN,NaN,NaN,NaN,NaN,0,0,0
GWO,4,scene4_GWO_run013.mat,351.921429523437,1,13.4110305470325,18,12,1.26078787765963,175.204971648679,1.37501331692837,0.0157467710626028,1,0,0.137985520675434,0.549096526259367,0,0.605412737758753,0.259413446178997,0.214660860585459,1,0,1.79691152703702,1,0,0
GWO,4,scene4_GWO_run014.mat,349.333024691398,1,11.865351018731,18,11.2272344780551,1.05871938041293,174.617970708289,1.37040651780338,0.014734556976739,1,0,0.107362805291874,0.220550256181468,0,0.281738528434114,0.202484640161939,0.177106358593475,1,0,1.41100154188784,1,0,0
GWO,4,scene4_GWO_run015.mat,344.557480653528,1,11.6093510802226,18,10.7263630465039,0.990612360968404,174.31855864308,1.36805672388465,0.0148428071927237,1,0,0.0508646392928158,0.166135467477145,0,0.172644404567538,0.173446916017699,0.181122586986859,1,0,1.30595339607135,1,0,0
GWO,4,scene4_GWO_run016.mat,341.105732005406,1,13.7093725866566,18,12,1.01437628150363,173.702167395205,1.3632192688382,0.0165780102214186,1,0,0.0100279374297149,0.612511459647028,0,0.21070955719893,0.113667765140039,0.245500949734117,1,0,1.62678980972756,1,0,0
GWO,4,scene4_GWO_run017.mat,355.863985295968,1,11.3639086272487,18,10.6953615482613,1.24769296323777,175.132407531892,1.37444383179348,0.00996097348193963,1,0,0.184628828480914,0.113964754876754,0,0.584437246133792,0.252375998290753,0,1,0,1.39424120814329,0,0,0
GWO,4,scene4_GWO_run018.mat,351.945118861649,1,12.6179264102368,18,12,0.893108847114185,174.618328017413,1.37040932197497,0.0146750662725339,1,0,0.13826578280936,0.38051604035882,0,0.016462846416944,0.202519292886288,0.174899173571277,1,0,1.47615433551306,1,0,0
GWO,4,scene4_GWO_run019.mat,976.957082747811,0,16.6915270646523,19.2993407097932,11.5722787967703,2.76059065542933,159.568130884418,1.25229497119181,0.045134596721964,1,0,NaN,NaN,NaN,NaN,NaN,NaN,NaN,NaN,NaN,0,0,0
GWO,4,scene4_GWO_run020.mat,345.504935876152,1,11.864973044666,18,11.2328536781071,1.15451812342082,173.174307440473,1.35907660975495,0.0190974489412123,1,0,0.0620737250053538,0.220469914838396,0,0.435189377130814,0.0624745984864886,0.338975509851937,1,0,1.41893050352199,1,0,0
GWO,4,scene4_GWO_run021.mat,997.191400503372,0,13.0282403627829,18,10.5753357303628,1.97562157959252,164.569204125815,1.29154352813142,0.0420201572453522,1,0,NaN,NaN,NaN,NaN,NaN,NaN,NaN,NaN,NaN,0,0,0
GWO,4,scene4_GWO_run022.mat,887.841464129374,0,13.6982611543725,18,12,0.840839884637175,149.302687608934,1.1717314970213,0.02952453634359,1,0,NaN,NaN,NaN,NaN,NaN,NaN,NaN,NaN,NaN,0,0,0
GWO,4,scene4_GWO_run023.mat,350.728656597268,1,13.7523426857614,18,12,0.954887956155253,175.057492979622,1.37385590037787,0.02955445303081,1,0,0.123874147762211,0.621645090213573,0,0.1154208955147,0.245110599343985,0.726944405362701,1,0,1.92022729242801,1,0,0
GWO,4,scene4_GWO_run024.mat,941.150377957627,0,17.6841146977186,18.2964101065089,12,1.03911467415316,159.317705650209,1.25032962723672,0.0281168954572896,1,0,NaN,NaN,NaN,NaN,NaN,NaN,NaN,NaN,NaN,0,0,0
GWO,4,scene4_GWO_run025.mat,1519.40701173028,0,10.9632801386103,18,10.1526868909522,1.53663967894497,149.963700046552,1.17691914036171,0.0432543124913367,1,0,NaN,NaN,NaN,NaN,NaN,NaN,NaN,NaN,NaN,0,0,0
GWO,4,scene4_GWO_run026.mat,344.247888209447,1,13.144210108011,18,12,0.882831158808971,173.394763730163,1.36080675662962,0.0129426096093123,1,0,0.0472019350733526,0.492381755560814,0,0,0.0838549958376635,0.110622704671453,1,0,1.42853642027925,1,0,0
GWO,4,scene4_GWO_run027.mat,424.783761149644,1,13.3798816579349,18,12,0.963671174430171,182.841263957401,1.43494314379143,0.0369141756860263,1,0,1,0.542475586315012,0,0.129489893251586,1,1,1,0,2.73922916304916,0,0,0
GWO,4,scene4_GWO_run028.mat,350.15213843284,1,13.9090548481535,18,12,0.898169590499553,175.174071159853,1.37477080906324,0.0148423140107754,1,0,0.117053517757121,0.654955485730253,0,0.0245691674722938,0.256416640189173,0.181104289274234,1,0,1.70765118108235,1,0,0
GWO,4,scene4_GWO_run029.mat,938.34135470696,0,17.550084723795,18.4594493567692,12,1.34578125034402,160.844638450167,1.2623130368069,0.033425927763854,1,0,NaN,NaN,NaN,NaN,NaN,NaN,NaN,NaN,NaN,0,0,0
GWO,4,scene4_GWO_run030.mat,692.663384736712,0,10.3788256639145,18,9.62995151423323,1.2973417325554,164.496334264986,1.29097164350908,0.0260763910846535,1,0,NaN,NaN,NaN,NaN,NaN,NaN,NaN,NaN,NaN,0,0,0
HHO,4,scene4_HHO_run001.mat,1285.04540527388,0,18.3645064722971,20.0777081432817,12,1.65510061246079,164.238739685106,1.28895003433687,0.0424450901041294,1,0,NaN,NaN,NaN,NaN,NaN,NaN,NaN,NaN,NaN,0,0,0
HHO,4,scene4_HHO_run002.mat,406.448051955251,1,19.907050827766,21.7384091859027,12,1.86783427977671,169.998010577445,1.33414894677779,0.0313231559973991,1,0,0.695182688372405,0.791560115703195,0.655901702221259,0.377904916440288,0.0191035687283774,0.698376497343327,1,0,2.56682288919606,0,0,0
HHO,4,scene4_HHO_run003.mat,434.652442995603,1,20.8665948108797,23.2245746501771,11.812024601531,3.28086934106545,176.643948029928,1.38630644216532,0.038597383076709,1,0,1,0.898347075151355,0.916648562537104,1,0.419190667206729,1,1,0,3.40847188272262,0,0,0
HHO,4,scene4_HHO_run004.mat,1449.82766419653,0,8.79736623264077,18,8.00000000000002,1.78831361973653,141.918169971749,1.1137776045337,0.0271332007118502,1,0,NaN,NaN,NaN,NaN,NaN,NaN,NaN,NaN,NaN,0,0,0
HHO,4,scene4_HHO_run005.mat,556.237156847309,0,9.55380234620767,18,8.23413756828742,1.59024135150929,167.973941021671,1.31826399461354,0.0270635363618739,1,0,NaN,NaN,NaN,NaN,NaN,NaN,NaN,NaN,NaN,0,0,0
HHO,4,scene4_HHO_run006.mat,593.869777304462,0,8.98450318552942,18,8.07887459180513,1.65681219562693,167.908944582023,1.31775390081182,0.0305411300329856,1,0,NaN,NaN,NaN,NaN,NaN,NaN,NaN,NaN,NaN,0,0,0
HHO,4,scene4_HHO_run007.mat,908.402228258807,0,24.4583734787915,25.9344201911464,12,2.46423062672801,170.413006675007,1.33740584728268,0.0403990008905919,1,0,NaN,NaN,NaN,NaN,NaN,NaN,NaN,NaN,NaN,0,0,0
HHO,4,scene4_HHO_run008.mat,567.015390762442,0,9.49260297310559,18,8.45527991373323,1.55776473701181,167.099020133573,1.31139759201621,0.0300949676939036,1,0,NaN,NaN,NaN,NaN,NaN,NaN,NaN,NaN,NaN,0,0,0
HHO,4,scene4_HHO_run009.mat,1042.17213642036,0,14.7412993352648,18,12,1.07623177524031,185.971237828583,1.45950726268608,0.0424002832560447,1,0,NaN,NaN,NaN,NaN,NaN,NaN,NaN,NaN,NaN,0,0,0
HHO,4,scene4_HHO_run010.mat,342.123606986413,1,17.0496161542102,18.4902161210341,12,1.26870262529554,172.917593418094,1.35706191122162,0.0150643010337648,1,0,0,0.473558266928509,0.086008131334334,0.11413449285448,0.194863186665526,0.0242082689047615,1,0,1.49786485587183,1,0,0
HHO,4,scene4_HHO_run011.mat,522.406954200757,0,17.817857825596,21.0803649769009,12,1.51732139890462,164.709369108862,1.29264354667794,0.0305672239428868,1,0,NaN,NaN,NaN,NaN,NaN,NaN,NaN,NaN,NaN,0,0,0
HHO,4,scene4_HHO_run012.mat,1449.59393130752,0,8.75305986144964,18,8.00029773936997,1.76013588706588,141.558014594423,1.11095109547219,0.0217150875415346,1,0,NaN,NaN,NaN,NaN,NaN,NaN,NaN,NaN,NaN,0,0,0
HHO,4,scene4_HHO_run013.mat,508.836758978081,0,13.6555094297963,18.0056854671564,12,1.48328790281691,161.538501614369,1.26775849353067,0.028687118111653,1,0,NaN,NaN,NaN,NaN,NaN,NaN,NaN,NaN,NaN,0,0,0
HHO,4,scene4_HHO_run014.mat,1088.53929111454,0,10.3585335454791,18,8.81095497394206,1.62568516045048,172.791851451405,1.35607508489433,0.0434648204744125,1,0,NaN,NaN,NaN,NaN,NaN,NaN,NaN,NaN,NaN,0,0,0
HHO,4,scene4_HHO_run015.mat,399.542371831207,1,21.2632898277492,23.6413202896694,12,2.13156884700814,183.264725668609,1.43826648265927,0.0216917789738405,1,0,0.620549953088036,0.942494978139888,0.989766340913807,0.494015253780245,0.817763138595254,0.299014525056872,1,0,3.14234205203792,0,0,0
HHO,4,scene4_HHO_run016.mat,432.477070956226,1,15.7701128482264,18,12,1.00945601755361,178.129910155115,1.39796831278095,0.0343687490689251,1,0,0.976489793525977,0.331163264662431,0,0,0.508645959159918,0.824661041375971,1,0,2.19858805999556,0,0,0
HHO,4,scene4_HHO_run017.mat,358.054875075305,1,13.7570002642786,18,11.8261283251894,1.40551180256896,174.580534063723,1.37011271401269,0.0144804723743295,1,0,0.172176250950671,0.107125413714695,0,0.174365352582772,0.294972629856684,0,1,0,1.30504084523316,1,0,0
HHO,4,scene4_HHO_run018.mat,1481.3769323212,0,24.2508719593005,25.6791151286255,12,2.42823472309402,151.193355212539,1.18656950708677,0.0209270113065783,1,0,NaN,NaN,NaN,NaN,NaN,NaN,NaN,NaN,NaN,0,0,0
HHO,4,scene4_HHO_run019.mat,967.014313888936,0,9.5745580632996,18,8.26252889062466,1.85188440719726,154.430304754287,1.21197317391338,0.0544904699720111,1,0,NaN,NaN,NaN,NaN,NaN,NaN,NaN,NaN,NaN,0,0,0
HHO,4,scene4_HHO_run020.mat,773.789051825594,0,13.0502876579135,18,11.3243045498886,1.25592418292733,154.160432212902,1.20985520696994,0.0481967254560232,1,0,NaN,NaN,NaN,NaN,NaN,NaN,NaN,NaN,NaN,0,0,0
HHO,4,scene4_HHO_run021.mat,350.261826656421,1,12.7944150694225,18,10.9233082961168,1.05072717572545,171.711525507262,1.3475966579077,0.0150893903568832,1,0,0.0879533345604809,0,0,0.0181698142494068,0.122257596489183,0.025248589675031,1,0,1.06706490132561,1,0,1
HHO,4,scene4_HHO_run022.mat,392.582949958961,1,17.8241027535661,18.473867415506,12,1.06971289374301,169.680676868433,1.33165850331779,0.0265304506519451,1,0,0.545336406993557,0.559750323294897,0.0831397605242441,0.0265283625686562,0,0.499648500851591,1,0,1.84016566453973,0,0,0
HHO,4,scene4_HHO_run023.mat,359.580311412131,1,18.141919349679,21.1245887026408,12,1.76310068018097,174.014512790964,1.36567056388199,0.0155787760463515,1,0,0.188662315215809,0.5951199035938,0.548207257924474,0.331795475013832,0.260898007530724,0.0455408109925816,1,0,2.01797794293252,0,0,0
HHO,4,scene4_HHO_run024.mat,1331.71781238615,0,8.73381382108174,18,8.00065790707398,1.74634300954144,147.131786035198,1.15469420324169,0.0355048834083474,1,0,NaN,NaN,NaN,NaN,NaN,NaN,NaN,NaN,NaN,0,0,0
HHO,4,scene4_HHO_run025.mat,558.248496895407,0,13.5021933232014,18.1041273011486,11.6115682118545,2.02282390552634,163.197577377727,1.28077896462201,0.0300201672323792,1,0,NaN,NaN,NaN,NaN,NaN,NaN,NaN,NaN,NaN,0,0,0
HHO,4,scene4_HHO_run026.mat,673.008974612856,0,9.843826551079,18,8.29635722757632,1.98944594936444,161.467751891658,1.26720324780915,0.0314958509450464,1,0,NaN,NaN,NaN,NaN,NaN,NaN,NaN,NaN,NaN,0,0,0
HHO,4,scene4_HHO_run027.mat,1403.69476222943,0,10.9409715580446,18,8.99595001715602,1.66052789232561,152.486776163887,1.19672030940568,0.0541818806170153,1,0,NaN,NaN,NaN,NaN,NaN,NaN,NaN,NaN,NaN,0,0,0
HHO,4,scene4_HHO_run028.mat,930.371857420394,0,12.6054726834319,18,10.5588984836205,1.45780926323425,156.625149414347,1.22919837367667,0.0414312085004356,1,0,NaN,NaN,NaN,NaN,NaN,NaN,NaN,NaN,NaN,0,0,0
HHO,4,scene4_HHO_run029.mat,411.404607221448,1,21.7800064569128,23.6996485498396,12,2.48317274139332,186.291903468241,1.46202385522716,0.0292594691686138,1,0,0.748750370405106,1,1,0.648810460247365,1,0.612806382072232,1,0,3.50682531605278,0,0,0
HHO,4,scene4_HHO_run030.mat,721.120948385774,0,8.98051378514621,18,8.03739854336255,1.69571250332649,167.708557749035,1.31618125957165,0.0299817583562622,1,0,NaN,NaN,NaN,NaN,NaN,NaN,NaN,NaN,NaN,0,0,0
WOA,4,scene4_WOA_run001.mat,1896.322621406,0,20.4874639402591,24.3093137802637,12,2.52302054496537,210.457557240213,1.65167655421205,0.0706843507665137,1,0,NaN,NaN,NaN,NaN,NaN,NaN,NaN,NaN,NaN,0,0,0
WOA,4,scene4_WOA_run002.mat,1405.02166499771,0,13.2723973130014,21.3478594990045,9.37868869441094,4.27544485580207,199.480901347872,1.56553146434796,0.0413477058637218,1,0,NaN,NaN,NaN,NaN,NaN,NaN,NaN,NaN,NaN,0,0,0
WOA,4,scene4_WOA_run003.mat,1703.28181777473,0,10.5834190261844,18,8.61320644759313,1.86255961795785,175.601663544189,1.3781265655646,0.0618318141201666,1,0,NaN,NaN,NaN,NaN,NaN,NaN,NaN,NaN,NaN,0,0,0
WOA,4,scene4_WOA_run004.mat,1754.16248479145,0,8.72917561122362,18,8.0000000000315,1.74681374046298,170.461003973998,1.33778253137257,0.0541078333700034,1,0,NaN,NaN,NaN,NaN,NaN,NaN,NaN,NaN,NaN,0,0,0
WOA,4,scene4_WOA_run005.mat,1644.90914732367,0,12.0304664721796,18,10.7048338955287,1.27216607138049,153.101176806096,1.20154214212548,0.0403352928427095,1,0,NaN,NaN,NaN,NaN,NaN,NaN,NaN,NaN,NaN,0,0,0
WOA,4,scene4_WOA_run006.mat,1619.42265268122,0,22.836146946022,24.7417261710909,12,2.17012752138186,154.050509301299,1.20899252901127,0.0400736570991826,1,0,NaN,NaN,NaN,NaN,NaN,NaN,NaN,NaN,NaN,0,0,0
WOA,4,scene4_WOA_run007.mat,960.528299322982,0,21.4114803825227,22.39642711209,12,1.79859850450999,165.516511658719,1.29897802305877,0.0221856196255514,1,0,NaN,NaN,NaN,NaN,NaN,NaN,NaN,NaN,NaN,0,0,0
WOA,4,scene4_WOA_run008.mat,1389.80410551144,0,23.4711501494798,24.4806707418455,12,2.26115320034117,136.319795436552,1.06984141101926,0.0348043190001601,1,0,NaN,NaN,NaN,NaN,NaN,NaN,NaN,NaN,NaN,0,0,0
WOA,4,scene4_WOA_run009.mat,1477.00108308508,0,19.4154061433065,20.2702802903219,12,1.375357667592,153.907756549267,1.20787220158435,0.0633508828078633,1,0,NaN,NaN,NaN,NaN,NaN,NaN,NaN,NaN,NaN,0,0,0
WOA,4,scene4_WOA_run010.mat,355.567640692069,1,12.8940465442616,18,12,0.914494430098613,171.354256945235,1.34479280465008,0.0133259866434416,1,0,0,0,0,0,0,0,1,0,0.95,1,0,1
WOA,4,scene4_WOA_run011.mat,2064.82758848301,0,8.80354478167356,18,8.00014703522451,1.7177760287241,146.436065851946,1.14923417258259,0.035136775087528,1,0,NaN,NaN,NaN,NaN,NaN,NaN,NaN,NaN,NaN,0,0,0
WOA,4,scene4_WOA_run012.mat,1222.69266671456,0,21.1073642033037,21.8282974670208,12,1.70775959625317,143.691063043617,1.12769131691509,0.0449820250332683,1,0,NaN,NaN,NaN,NaN,NaN,NaN,NaN,NaN,NaN,0,0,0
WOA,4,scene4_WOA_run013.mat,1592.52861964908,0,22.97276664168,24.823369270187,12,2.14006491477258,147.189632037292,1.15514818021769,0.0421786537609713,1,0,NaN,NaN,NaN,NaN,NaN,NaN,NaN,NaN,NaN,0,0,0
WOA,4,scene4_WOA_run014.mat,1925.62403202768,0,8.72955567342457,18,8.00051713268751,1.74668023296766,150.641341965051,1.18223729231412,0.0442681535809131,1,0,NaN,NaN,NaN,NaN,NaN,NaN,NaN,NaN,NaN,0,0,0
WOA,4,scene4_WOA_run015.mat,2104.62513109659,0,24.44042361695,25.7946017743173,12,2.44585067149736,152.012270163677,1.19299637358861,0.0459386757850245,1,0,NaN,NaN,NaN,NaN,NaN,NaN,NaN,NaN,NaN,0,0,0
WOA,4,scene4_WOA_run016.mat,1847.24295829785,0,8.92603313687605,18,8.21572136936965,1.70182348476184,157.091888139473,1.23286135171054,0.0515018851264937,1,0,NaN,NaN,NaN,NaN,NaN,NaN,NaN,NaN,NaN,0,0,0
WOA,4,scene4_WOA_run017.mat,1519.72020466531,0,11.1152001005836,18,9.62196720478034,1.41840929442436,161.491965114864,1.26739327383433,0.0433412262497525,1,0,NaN,NaN,NaN,NaN,NaN,NaN,NaN,NaN,NaN,0,0,0
WOA,4,scene4_WOA_run018.mat,1612.10542680054,0,24.1514073681922,25.9968162056701,12,2.41028567587536,205.885553562178,1.61579534671441,0.0582624413620859,1,0,NaN,NaN,NaN,NaN,NaN,NaN,NaN,NaN,NaN,0,0,0
WOA,4,scene4_WOA_run019.mat,1745.34507175555,0,24.7799617077537,25.916875676871,12,2.57383769479337,185.241091496203,1.45377705468524,0.0364818094372446,1,0,NaN,NaN,NaN,NaN,NaN,NaN,NaN,NaN,NaN,0,0,0
WOA,4,scene4_WOA_run020.mat,2125.61651986224,0,20.0544512456168,20.646853283964,12,1.47562148262889,153.251374302585,1.2027208961066,0.0540963474473482,1,0,NaN,NaN,NaN,NaN,NaN,NaN,NaN,NaN,NaN,0,0,0
WOA,4,scene4_WOA_run021.mat,433.036678530845,1,17.8023148177879,20.6748393617542,12,1.71867480033449,186.157228733434,1.46096692429608,0.0323153281198755,1,0,1,1,1,1,1,1,1,0,3.85,0,0,0
WOA,4,scene4_WOA_run022.mat,1767.28601400296,0,23.5794952185682,25.2096784336889,12,2.68372538536249,243.663248181225,1.91227570737565,0.0353519100897882,1,0,NaN,NaN,NaN,NaN,NaN,NaN,NaN,NaN,NaN,0,0,0
WOA,4,scene4_WOA_run023.mat,1534.02585173861,0,13.949972868716,18,12,1.30988608756406,151.607766398445,1.18982181718928,0.0473288462022078,1,0,NaN,NaN,NaN,NaN,NaN,NaN,NaN,NaN,NaN,0,0,0
WOA,4,scene4_WOA_run024.mat,1273.0327809886,0,23.1996538890022,25.0816555805369,12,2.36146311401127,294.322476635285,2.30985069108859,0.0442270740858276,1,0,NaN,NaN,NaN,NaN,NaN,NaN,NaN,NaN,NaN,0,0,0
WOA,4,scene4_WOA_run025.mat,1490.15605100672,0,22.9924915833969,25.0141816757649,12,2.36768742327198,202.523506689512,1.58940991267933,0.0458083579379534,1,0,NaN,NaN,NaN,NaN,NaN,NaN,NaN,NaN,NaN,0,0,0
WOA,4,scene4_WOA_run026.mat,1722.73862622063,0,12.9738253321072,18,11.9855696205802,1.08936469356427,194.622135448762,1.52739973924766,0.0537940329672035,1,0,NaN,NaN,NaN,NaN,NaN,NaN,NaN,NaN,NaN,0,0,0
WOA,4,scene4_WOA_run027.mat,1459.22744794739,0,11.0242724641841,18,9.94397428622862,1.44045087525344,176.662500253088,1.38645204051029,0.0336864023505873,1,0,NaN,NaN,NaN,NaN,NaN,NaN,NaN,NaN,NaN,0,0,0
WOA,4,scene4_WOA_run028.mat,1536.84662038614,0,21.719184993092,23.4670572596521,12,2.23379096745759,183.261833247827,1.4382437828634,0.0436470412743584,1,0,NaN,NaN,NaN,NaN,NaN,NaN,NaN,NaN,NaN,0,0,0
WOA,4,scene4_WOA_run029.mat,1631.99174415324,0,11.7098108845495,18,9.98733155233726,1.48285165010042,211.483894713421,1.65973127823068,0.0709334557511929,1,0,NaN,NaN,NaN,NaN,NaN,NaN,NaN,NaN,NaN,0,0,0
WOA,4,scene4_WOA_run030.mat,2093.66849089006,0,24.7257805475672,25.9382394871675,12,2.56843086807308,152.956972243544,1.20041042085065,0.034597491337147,1,0,NaN,NaN,NaN,NaN,NaN,NaN,NaN,NaN,NaN,0,0,0
FAEAE,4,scene4_FAEAE_run001.mat,315.427092823129,1,9.46785524842351,18,8.09688631669982,1.97241249218401,144.757557440742,1.13606119354973,0.0256881314534767,1,0,0.0674981851369163,0.431106565361869,0,0.366526379239614,0.0770816496968412,0.964876083571911,1,0,1.8203061336481,1,0,0
FAEAE,4,scene4_FAEAE_run002.mat,312.711278405877,1,9.19083399123935,18,8,2.15706384490987,144.251714387825,1.13209132370248,0.0228321766197933,1,0,0,0.0761369832733022,0,0.659086508389672,0.0376455188131003,0.51140751165635,1,0,1.39714240456214,1,0,0
FAEAE,4,scene4_FAEAE_run003.mat,313.005273476237,1,9.23480399324244,18,8.0281071580582,2.14730923861235,144.286879345009,1.13236729922967,0.0248573112368822,1,0,0.00730688134007885,0.132479277702689,0,0.643631388044864,0.0403870210360002,0.8329584311307,1,0,1.56858629184634,1,0,0
FAEAE,4,scene4_FAEAE_run004.mat,314.708252214563,1,9.58317637625883,18,8.22761217597142,1.97566409910436,143.76883932533,1.12830170726012,0.0245515314318059,1,0,0.0496322970362015,0.578876786931802,0,0.371678199285993,0,0.7844067068901,1,0,1.81069274159087,1,0,0
FAEAE,4,scene4_FAEAE_run005.mat,315.039825790528,1,9.62024723671344,18,8.16644336813512,1.91431466134197,144.154495113074,1.13132834422657,0.0242559137961066,1,0,0.057873145333812,0.626378657282822,0,0.274476639860131,0.0300661875928701,0.737468532128871,1,0,1.8230762270883,1,0,0
FAEAE,4,scene4_FAEAE_run006.mat,315.866479284013,1,9.47635659736882,18,8,2.21988606193715,144.68169666597,1.13546583615454,0.0226811387501989,1,0,0.0784185884218312,0.442000026437678,0,0.758621527525336,0.0711674527426799,0.487425715368,1,0,1.736635222234,1,0,0
FAEAE,4,scene4_FAEAE_run007.mat,315.321023841438,1,9.9118244852804,18,8.56071970588519,1.74107682818588,149.256394460487,1.1713681871506,0.0196113210956117,1,0,0.0648619726925022,1,0,0,0.427816377617733,0,1,0,1.96124379676675,1,0,0
FAEAE,4,scene4_FAEAE_run008.mat,316.027222406688,1,9.37751578945777,18,8.12232267497967,1.96729906398182,144.414310826592,1.13336738491516,0.0252554290930221,1,0,0.082413658550677,0.315347362183251,0,0.358424704417594,0.0503217321236671,0.896171593169752,1,0,1.69522775109803,1,0,0
FAEAE,4,scene4_FAEAE_run009.mat,312.873846526511,1,9.13141604702993,18,8,2.08797068595984,144.536806029007,1.13432873054933,0.0242107566495238,1,0,0.00404042818029194,0,0,0.549615858933792,0.0598716049690183,0.730298479391641,1,0,1.41406891049518,1,0,0
FAEAE,4,scene4_FAEAE_run010.mat,313.548726986956,1,9.3879808169195,18,8.23941958600094,1.84215708765875,144.03706263986,1.13040673102696,0.0248245888192397,1,0,0.0208137415462675,0.328757042228732,0,0.160150756164827,0.0209110111858994,0.827762764930735,1,0,1.5875371294558,1,0,0
FAEAE,4,scene4_FAEAE_run011.mat,313.502313499386,1,9.17104781400864,18,8.02486511662873,2.08190112405249,143.963712096206,1.12983107399292,0.022206886135884,1,0,0.0196601921148591,0.0507833655253123,0,0.539999293502313,0.0151925148593434,0.412123874735159,1,0,1.30415685743221,1,0,0
FAEAE,4,scene4_FAEAE_run012.mat,313.419228319623,1,9.24103054617362,18,8,2.21538841767921,144.434876015645,1.13352878107045,0.0234043840346502,1,0,0.0175952134439394,0.140457859975766,0,0.751495495868646,0.0519250189187789,0.602262617694562,1,0,1.51971916180971,1,0,0
FAEAE,4,scene4_FAEAE_run013.mat,321.141686514545,1,9.43523189941157,18,8.0923412870714,1.89161028264803,149.485510157854,1.17316629328898,0.0224309961153385,1,0,0.209527294532283,0.389303648564767,0,0.238504003511061,0.445678512081764,0.447708062249846,1,0,1.80962106165916,0,0,0
FAEAE,4,scene4_FAEAE_run014.mat,316.788912611676,1,9.67965250139013,18,8.12383921259962,2.00149134936698,144.202022545519,1.1317013407912,0.0237545733148602,1,0,0.101344520006688,0.702499393252643,0,0.412598688417954,0.033771483209104,0.657865679383099,1,0,1.90228261256489,1,0,0
FAEAE,4,scene4_FAEAE_run015.mat,312.946435654466,1,9.14166826010692,18,8,2.08761768270455,144.54120337724,1.13436324105622,0.0233235395879055,1,0,0.00584454055501554,0.0131369838849667,0,0.549056563394202,0.060214427509499,0.589426134645093,1,0,1.36834308397254,1,0,0
FAEAE,4,scene4_FAEAE_run016.mat,314.210680371181,1,9.1350277583568,18,8.01293026248509,2.07758828626059,144.651407985155,1.13522812977509,0.0240419318641662,1,0,0.0372657685318367,0.00462797574942595,0,0.533166067735078,0.0688061108718844,0.70349247622339,1,0,1.42090915762747,1,0,0
FAEAE,4,scene4_FAEAE_run017.mat,313.446427470324,1,9.16691253173432,18,8,2.14768451721116,144.413780242949,1.1333632208805,0.0239611692820435,1,0,0.0182712144615137,0.045484496277313,0,0.644225976460891,0.0502803671867231,0.690668991640428,1,0,1.45640015071668,1,0,0
FAEAE,4,scene4_FAEAE_run018.mat,316.067222633542,1,9.6742877078007,18,8.22896572778958,1.90828424841021,144.016730157868,1.13024716116292,0.0234664273320906,1,0,0.0834078143738803,0.695625052424838,0,0.264922101753047,0.0193258665123209,0.612113853839978,1,0,1.82678720862421,1,0,0
FAEAE,4,scene4_FAEAE_run019.mat,317.486369156914,1,9.53007493783493,18,8.23378070214726,1.78021644923936,144.772247062431,1.13617647809476,0.0259093426357135,1,0,0.118678933844537,0.510833649747195,0,0.0620125031376829,0.0782268702158459,1,1,0,1.83912471525135,1,0,0
FAEAE,4,scene4_FAEAE_run020.mat,316.193086379231,1,9.39180032710044,18,8.13625824671932,1.88731798932869,147.893165813531,1.16066953216413,0.0196875365302489,1,0,0.0865360010255942,0.33365128733647,0,0.231703328242128,0.321537437863827,0.0121014884042351,1,0,1.47446488415992,1,0,0
FAEAE,4,scene4_FAEAE_run021.mat,313.274632538843,1,9.145869659938,18,8,2.12299670067187,144.367559197264,1.1330004768742,0.0235401378672864,1,0,0.0140014653884403,0.0185205748677916,0,0.605110797023832,0.0466769190485723,0.623817614255281,1,0,1.395968067741,1,0,0
FAEAE,4,scene4_FAEAE_run022.mat,315.905967555464,1,9.27467412696497,18,8,2.05222592693877,144.908989423418,1.13724963581155,0.024167035844371,1,0,0.0794000202310998,0.183568081678094,0,0.4929821480984,0.0888874686250528,0.723356488978546,1,0,1.58091230971081,1,0,0
FAEAE,4,scene4_FAEAE_run023.mat,318.07567270357,1,9.51513408360591,18,8.23986673807927,2.00346959064949,148.208072468655,1.16314092804011,0.0205202592355925,1,0,0.13332533959352,0.491688733448613,0,0.415732998113269,0.346087938253291,0.144321218051292,1,0,1.72410678871201,1,0,0
FAEAE,4,scene4_FAEAE_run024.mat,314.279264169993,1,9.5042556718581,18,8.27881879363365,1.90828456300251,144.240722868546,1.13200506196435,0.023439972722151,1,0,0.038970333438841,0.477749350921941,0,0.264922600190571,0.0367886067918282,0.607913390286282,1,0,1.65352988646465,1,0,0
FAEAE,4,scene4_FAEAE_run025.mat,352.946647871638,1,9.72252998254401,18,8,2.3722337574035,156.595732876516,1.22896751189876,0.0197269478151873,1,0,1,0.757441752986738,0,1,1,0.0183592131019733,1,0,2.72542499998084,0,0,0
FAEAE,4,scene4_FAEAE_run026.mat,315.904628731121,1,9.76822412514631,18,8.2503333551364,1.92823033275336,144.125533772736,1.13110105485078,0.0245257296874246,1,0,0.0793667454193867,0.815993327217197,0,0.296524518552744,0.0278083267770207,0.780309905344257,1,0,1.9952913650839,1,0,0
FAEAE,4,scene4_FAEAE_run027.mat,314.121627585473,1,9.16447561439499,18,8.07445589509186,1.75110974007193,144.56392461931,1.13454155797342,0.0230199753033949,1,0,0.0350524724470751,0.0423618784020026,0,0.015896065497506,0.0619858027827712,0.54122619080913,1,0,1.25034908200888,1,0,1
FAEAE,4,scene4_FAEAE_run028.mat,314.92764532865,1,9.77256935866568,18,8.46989656843859,1.82744574556827,144.700776088378,1.13561557197336,0.0223206605861798,1,0,0.0550850396604162,0.821561223854902,0,0.136842223200263,0.0726549073887979,0.430188984479768,1,0,1.83445128241115,1,0,0
FAEAE,4,scene4_FAEAE_run029.mat,316.295028050447,1,9.48918542074147,18,8,2.15018974763473,145.197849919408,1.13951662073203,0.0242935170985779,1,0,0.0890696343081964,0.458438628000472,0,0.648195243544234,0.111407379220485,0.743439185330333,1,0,1.85015536831309,1,0,0
FAEAE,4,scene4_FAEAE_run030.mat,313.561504654435,1,9.21497849954001,18,8.05389074748623,2.01928990784829,144.128768552326,1.13112644148777,0.0249206883697062,1,0,0.0211313145584865,0.107075280602313,0,0.440798582386279,0.0280605140722061,0.84302145368792,1,0,1.50160049608658,1,0,0
