Scene,Algorithm,Run,Seed,BestFitness,Runtime,Feasible,Violation,WallClock
1,AE,1,20261317,289.654917949636,6.8427226,1,0,6.8427226
1,AE,2,20261318,292.011877181693,6.7582898,1,0,6.7582898
1,AE,3,20261319,292.112086939472,6.7889504,1,0,6.7889504
1,AE,4,20261320,288.426318893318,6.7714685,1,0,6.7714685
1,AE,5,20261321,294.822038787005,6.8259534,1,0,6.8259534
1,AE,6,20261322,288.843050253681,6.7692668,1,0,6.7692668
1,AE,7,20261323,293.127727822296,6.945779,1,0,6.945779
1,AE,8,20261324,290.015292033415,6.7497158,1,0,6.7497158
1,AE,9,20261325,291.807158296886,6.8604973,1,0,6.8604973
1,AE,10,20261326,290.922610861546,7.0004864,1,0,7.0004864
1,AE,11,20261327,294.714740868395,7.0931031,1,0,7.0931031
1,AE,12,20261328,292.297466106893,6.976195,1,0,6.976195
1,AE,13,20261329,298.015028365842,7.0558233,1,0,7.0558233
1,AE,14,20261330,295.543961176111,6.9033933,1,0,6.9033933
1,AE,15,20261331,290.919283407759,6.8617152,1,0,6.8617152
1,AE,16,20261332,295.306942601587,6.7421695,1,0,6.7421695
1,AE,17,20261333,293.614372899489,6.8204269,1,0,6.8204269
1,AE,18,20261334,294.523433959513,6.7736824,1,0,6.7736824
1,AE,19,20261335,289.769552605837,6.7300489,1,0,6.7300489
1,AE,20,20261336,292.525395213021,6.6639167,1,0,6.6639167
1,AE,21,20261337,285.183533450997,6.6817944,1,0,6.6817944
1,AE,22,20261338,285.587730929021,6.7375053,1,0,6.7375053
1,AE,23,20261339,297.402355000433,6.7377824,1,0,6.7377824
1,AE,24,20261340,292.728965141686,6.7750578,1,0,6.7750578
1,AE,25,20261341,283.623863990965,6.7028231,1,0,6.7028231
1,AE,26,20261342,287.57556399997,6.730373,1,0,6.730373
1,AE,27,20261343,291.836182945621,6.7351332,1,0,6.7351332
1,AE,28,20261344,289.579111613291,6.7194314,1,0,6.7194314
1,AE,29,20261345,288.594976389613,6.6907019,1,0,6.6907019
1,AE,30,20261346,290.398010908698,6.7445646,1,0,6.7445646
1,PSO,1,20261317,282.810546829395,6.5590089,1,0,6.5590089
1,PSO,2,20261318,278.877300480656,6.5599655,1,3.81916720471054e-14,6.5599655
1,PSO,3,20261319,281.685637441064,6.6401954,1,0,6.6401954
1,PSO,4,20261320,283.65821223047,6.6023861,1,1.59872115546023e-14,6.6023861
1,PSO,5,20261321,281.005786723707,6.5779339,1,0,6.5779339
1,PSO,6,20261322,282.053795021677,6.5693159,1,0,6.5693159
1,PSO,7,20261323,281.646469935724,6.6373829,1,0,6.6373829
1,PSO,8,20261324,283.384266682905,6.6823978,1,1.59872115546023e-14,6.6823978
1,PSO,9,20261325,281.901179026913,6.690805,1,3.81916720471054e-14,6.690805
1,PSO,10,20261326,282.657288691098,6.6699436,1,1.59872115546023e-14,6.6699436
1,PSO,11,20261327,282.108848990511,6.7282457,1,3.81916720471054e-14,6.7282457
1,PSO,12,20261328,291.427165260288,6.591433,1,0,6.591433
1,PSO,13,20261329,282.145454059668,6.5720875,1,0,6.5720875
1,PSO,14,20261330,282.293057846511,6.5590735,1,0,6.5590735
1,PSO,15,20261331,282.609381445048,6.5509471,1,0,6.5509471
1,PSO,16,20261332,330.649537129734,6.6949615,1,0,6.6949615
1,PSO,17,20261333,281.596240980433,6.548457,1,0,6.548457
1,PSO,18,20261334,282.170127153176,6.6516389,1,0,6.6516389
1,PSO,19,20261335,281.356068905734,6.6797538,1,1.59872115546023e-14,6.6797538
1,PSO,20,20261336,312.654791743042,6.8869776,1,0,6.8869776
1,PSO,21,20261337,282.703398755447,6.8655394,1,0,6.8655394
1,PSO,22,20261338,281.923310637251,6.8638043,1,0,6.8638043
1,PSO,23,20261339,286.826980600596,6.8072801,1,0,6.8072801
1,PSO,24,20261340,291.873583682442,7.1568959,1,0,7.1568959
1,PSO,25,20261341,282.554495199748,7.6095596,1,1.59872115546023e-14,7.6095596
1,PSO,26,20261342,282.392549499499,8.0156642,1,0,8.0156642
1,PSO,27,20261343,282.463324702693,7.5892474,1,0,7.5892474
1,PSO,28,20261344,280.344248104422,7.750075,1,0,7.750075
1,PSO,29,20261345,281.545169947773,7.4446879,1,1.59872115546023e-14,7.4446879
1,PSO,30,20261346,282.431603888524,7.8920219,1,0,7.8920219
1,GWO,1,20261317,392.012837756139,7.3501185,1,0,7.3501185
1,GWO,2,20261318,314.801605544364,6.8675425,1,0,6.8675425
1,GWO,3,20261319,308.090158024964,6.976479,1,0,6.976479
1,GWO,4,20261320,334.939055869883,6.8722411,1,0,6.8722411
1,GWO,5,20261321,328.235955793711,6.780993,1,0,6.780993
1,GWO,6,20261322,329.661625315129,6.768308,1,0,6.768308
1,GWO,7,20261323,331.89865041383,6.8346898,1,0,6.8346898
1,GWO,8,20261324,326.888851790758,6.8209985,1,0,6.8209985
1,GWO,9,20261325,318.823164672189,6.7583718,1,0,6.7583718
1,GWO,10,20261326,314.322373719033,6.857026,1,0,6.857026
1,GWO,11,20261327,324.170457370231,6.7628006,1,0,6.7628006
1,GWO,12,20261328,350.789081460366,6.7791844,1,0,6.7791844
1,GWO,13,20261329,324.042444739255,6.8568539,1,0,6.8568539
1,GWO,14,20261330,330.485814725993,6.7884819,1,0,6.7884819
1,GWO,15,20261331,330.31732950098,6.7400696,1,0,6.7400696
1,GWO,16,20261332,343.348082274943,6.8964129,1,0,6.8964129
1,GWO,17,20261333,352.73348237185,6.7872084,1,0,6.7872084
1,GWO,18,20261334,327.962022684567,6.8065205,1,0,6.8065205
1,GWO,19,20261335,395.975273340885,6.7797317,1,0,6.7797317
1,GWO,20,20261336,309.479543241364,6.7887651,1,0,6.7887651
1,GWO,21,20261337,320.424830768701,6.8912434,1,0,6.8912434
1,GWO,22,20261338,319.963604292127,6.785584,1,0,6.785584
1,GWO,23,20261339,342.837032773143,6.7766168,1,0,6.7766168
1,GWO,24,20261340,347.971810966114,6.8535696,1,0,6.8535696
1,GWO,25,20261341,329.952455552016,6.8504145,1,0,6.8504145
1,GWO,26,20261342,312.768908799031,6.8163406,1,0,6.8163406
1,GWO,27,20261343,317.741684435453,6.7707084,1,0,6.7707084
1,GWO,28,20261344,324.868278272837,6.7931758,1,0,6.7931758
1,GWO,29,20261345,315.396047889371,6.773833,1,0,6.773833
1,GWO,30,20261346,356.020669185816,6.8531805,1,0,6.8531805
1,HHO,1,20261317,288.47466559785,8.5295799,1,3.81916720471054e-14,8.5295799
1,HHO,2,20261318,280.761525955369,8.463375,1,3.81916720471054e-14,8.463375
1,HHO,3,20261319,288.841609944681,8.4579152,1,0,8.4579152
1,HHO,4,20261320,292.721058559335,8.2975257,1,0,8.2975257
1,HHO,5,20261321,286.051247919392,8.6043668,1,0,8.6043668
1,HHO,6,20261322,295.560459636703,8.8733187,1,4.44089209850063e-14,8.8733187
1,HHO,7,20261323,283.245519502304,8.6971293,1,0,8.6971293
1,HHO,8,20261324,298.741631098267,9.2630037,1,0,9.2630037
1,HHO,9,20261325,283.996799324714,10.5725717,1,0,10.5725717
1,HHO,10,20261326,290.550039696098,10.0415672,1,0,10.0415672
1,HHO,11,20261327,291.409052527454,10.0543268,1,0,10.0543268
1,HHO,12,20261328,315.731627751389,10.1812201,1,0,10.1812201
1,HHO,13,20261329,355.710293665584,8.792454,1,0,8.792454
1,HHO,14,20261330,287.859716561312,8.9134136,1,0,8.9134136
1,HHO,15,20261331,285.299185728342,8.9923659,1,0,8.9923659
1,HHO,16,20261332,304.253226644965,8.8839636,1,0,8.8839636
1,HHO,17,20261333,287.261780338575,8.9566701,1,2.8421709430404e-14,8.9566701
1,HHO,18,20261334,641.624369470446,8.6037289,0,2,8.6037289
1,HHO,19,20261335,286.163055226095,8.5777446,1,0,8.5777446
1,HHO,20,20261336,303.146304197459,8.3961498,1,0,8.3961498
1,HHO,21,20261337,294.00541239408,8.292117,1,0,8.292117
1,HHO,22,20261338,283.116563984107,8.497263,1,0,8.497263
1,HHO,23,20261339,408.035502059368,8.4241776,1,0,8.4241776
1,HHO,24,20261340,287.7307102594,8.5713173,1,0,8.5713173
1,HHO,25,20261341,292.707098646297,8.5108072,1,0,8.5108072
1,HHO,26,20261342,291.22611487381,8.537942,1,0,8.537942
1,HHO,27,20261343,288.360787782732,8.4243078,1,0,8.4243078
1,HHO,28,20261344,283.983451376291,8.4002041,1,0,8.4002041
1,HHO,29,20261345,332.130773328939,8.3833872,1,0,8.3833872
1,HHO,30,20261346,320.653414531513,8.2206851,1,0,8.2206851
1,WOA,1,20261317,290.84046681762,6.4719726,1,0,6.4719726
1,WOA,2,20261318,354.838773747488,6.49106,1,0,6.49106
1,WOA,3,20261319,297.603155056756,6.5718445,1,1.59872115546023e-14,6.5718445
1,WOA,4,20261320,300.946262056844,6.6071819,1,0,6.6071819
1,WOA,5,20261321,295.028853079188,6.4895123,1,0,6.4895123
1,WOA,6,20261322,296.888135515884,6.4933086,1,0,6.4933086
1,WOA,7,20261323,293.930105618211,6.5198087,1,0,6.5198087
1,WOA,8,20261324,287.389678954715,6.489458,1,0,6.489458
1,WOA,9,20261325,290.051431882461,6.5169309,1,0,6.5169309
1,WOA,10,20261326,297.49486434835,6.9060108,1,0,6.9060108
1,WOA,11,20261327,299.260710073488,6.6253507,1,0,6.6253507
1,WOA,12,20261328,942.093259035694,6.6295408,0,3.52134079342934,6.6295408
1,WOA,13,20261329,300.045798208626,6.5225519,1,0,6.5225519
1,WOA,14,20261330,294.455222146331,6.5221055,1,0,6.5221055
1,WOA,15,20261331,291.01741431556,6.5484833,1,0,6.5484833
1,WOA,16,20261332,462.859888366112,6.5248856,1,0,6.5248856
1,WOA,17,20261333,285.76737841412,6.5056614,1,0,6.5056614
1,WOA,18,20261334,376.491899805491,6.530865,1,0,6.530865
1,WOA,19,20261335,295.066013844754,6.5068152,1,0,6.5068152
1,WOA,20,20261336,301.552516497607,6.6093756,1,0,6.6093756
1,WOA,21,20261337,287.30100767863,6.497628,1,0,6.497628
1,WOA,22,20261338,322.101293710019,6.5021593,1,0,6.5021593
1,WOA,23,20261339,367.213698359947,6.5050704,1,0,6.5050704
1,WOA,24,20261340,290.406502820733,6.6561884,1,0,6.6561884
1,WOA,25,20261341,296.486142717835,6.5172404,1,0,6.5172404
1,WOA,26,20261342,298.407196023733,6.4957028,1,0,6.4957028
1,WOA,27,20261343,309.09234659847,6.5016474,1,0,6.5016474
1,WOA,28,20261344,290.966428271634,6.5114889,1,0,6.5114889
1,WOA,29,20261345,289.979520949779,6.5039787,1,0,6.5039787
1,WOA,30,20261346,432.260204740122,6.5888341,1,0,6.5888341
1,FAEAE,1,20270929,302.929543983577,9.3474674,1,0,9.847811
1,FAEAE,2,20270930,301.301306284765,8.6567864,1,0,8.9196246
1,FAEAE,3,20270931,302.338866091949,8.6954448,1,0,8.934654
1,FAEAE,4,20270932,300.418050823015,8.6258273,1,0,8.8604602
1,FAEAE,5,20270933,303.56372033823,8.5143748,1,0,8.7511709
1,FAEAE,6,20270934,301.463475233046,8.7024822,1,0,8.9397383
1,FAEAE,7,20270935,301.825774678552,8.6243096,1,0,8.8538945
1,FAEAE,8,20270936,301.803302466238,8.4195316,1,0,8.6379815
1,FAEAE,9,20270937,301.734580800086,8.7836638,1,0,9.0043263
1,FAEAE,10,20270938,301.285320131538,8.6398459,1,0,8.859262
1,FAEAE,11,20270939,300.418999436703,8.8418174,1,0,9.0611556
1,FAEAE,12,20270940,302.250270384771,8.4657265,1,0,8.6860227
1,FAEAE,13,20270941,302.151198971597,8.6268284,1,0,8.8478957
1,FAEAE,14,20270942,303.242017306899,8.7315163,1,0,8.9565619
1,FAEAE,15,20270943,303.147236868312,8.7137352,1,0,8.9392155
1,FAEAE,16,20270944,302.557012448648,8.8757609,1,0,9.1003149
1,FAEAE,17,20270945,301.721678899813,8.3766088,1,0,8.5955177
1,FAEAE,18,20270946,303.633086988542,8.8080635,1,0,9.0352023
1,FAEAE,19,20270947,303.125172483411,8.1552543,1,0,8.3824974
1,FAEAE,20,20270948,302.676039161246,8.4495035,1,0,8.6657894
1,FAEAE,21,20270949,302.384986791584,8.6208943,1,0,8.8392773
1,FAEAE,22,20270950,302.40419840397,8.6436051,1,0,8.8680017
1,FAEAE,23,20270951,302.290357406191,8.6832086,1,0,8.9058852
1,FAEAE,24,20270952,303.8461957235,8.5382091,1,0,8.7576835
1,FAEAE,25,20270953,302.203556359706,8.6076694,1,0,8.8327189
1,FAEAE,26,20270954,301.882831368727,8.4973323,1,0,8.737721
1,FAEAE,27,20270955,303.592360807705,8.4761006,1,0,8.693591
1,FAEAE,28,20270956,303.575274547891,8.4322885,1,0,8.6581141
1,FAEAE,29,20270957,301.318757536146,8.4506423,1,0,8.6758873
1,FAEAE,30,20270958,302.576509303155,8.6279792,1,0,8.8451075
2,AE,1,20262317,307.417014494673,6.7925244,1,0,6.7925244
2,AE,2,20262318,2606.15258311928,6.7575778,0,15,6.7575778
2,AE,3,20262319,3589.70403013851,6.7843504,0,20,6.7843504
2,AE,4,20262320,1691.47266813911,6.7406667,0,9,6.7406667
2,AE,5,20262321,2486.55771089807,6.7860991,0,14,6.7860991
2,AE,6,20262322,365.336156792974,6.8223614,1,0,6.8223614
2,AE,7,20262323,1095.35663816238,6.8060655,0,5,6.8060655
2,AE,8,20262324,340.071525383759,6.7884898,1,0,6.7884898
2,AE,9,20262325,1240.32215008885,6.8260303,0,6,6.8260303
2,AE,10,20262326,1077.40098764432,6.7441693,0,5,6.7441693
2,AE,11,20262327,1084.19355638384,6.7582228,0,5,6.7582228
2,AE,12,20262328,313.322983062777,6.7262836,1,0,6.7262836
2,AE,13,20262329,1888.47383302945,6.7666637,0,10,6.7666637
2,AE,14,20262330,348.914850173201,6.7578173,1,0,6.7578173
2,AE,15,20262331,2766.7619059799,6.7848009,0,16,6.7848009
2,AE,16,20262332,355.960416784214,6.762372,1,0,6.762372
2,AE,17,20262333,309.220901144231,6.8079108,1,0,6.8079108
2,AE,18,20262334,314.919728277113,6.813158,1,0,6.813158
2,AE,19,20262335,321.82317793621,6.7739789,1,0,6.7739789
2,AE,20,20262336,1218.90895309342,6.8001159,0,6,6.8001159
2,AE,21,20262337,310.426009593607,6.7679923,1,0,6.7679923
2,AE,22,20262338,345.350918580386,6.7539038,1,0,6.7539038
2,AE,23,20262339,3184.31417653086,6.7626997,0,18,6.7626997
2,AE,24,20262340,310.851975094121,6.7478567,1,0,6.7478567
2,AE,25,20262341,2613.51483056197,7.0424849,0,13,7.0424849
2,AE,26,20262342,4803.9384069128,7.0391809,0,26,7.0391809
2,AE,27,20262343,1308.31305279478,6.8588036,0,6,6.8588036
2,AE,28,20262344,365.380943581285,6.8302993,1,0,6.8302993
2,AE,29,20262345,1698.20565646594,6.7766844,0,9,6.7766844
2,AE,30,20262346,314.38010730493,6.7447095,1,0,6.7447095
2,PSO,1,20262317,366.17859054724,6.6559202,1,0,6.6559202
2,PSO,2,20262318,299.241853539258,6.6163845,1,0,6.6163845
2,PSO,3,20262319,455.209997912416,6.6219258,1,1.84741111297626e-13,6.6219258
2,PSO,4,20262320,1095.37765281255,6.7301766,0,5,6.7301766
2,PSO,5,20262321,339.799248373267,6.5974583,1,0,6.5974583
2,PSO,6,20262322,913.302328454377,6.6261216,0,3,6.6261216
2,PSO,7,20262323,960.217657800703,6.5867928,0,4,6.5867928
2,PSO,8,20262324,1105.74326322873,6.6759446,0,5,6.6759446
2,PSO,9,20262325,1542.81849756157,6.6221525,0,8,6.6221525
2,PSO,10,20262326,934.895766184496,6.5797802,0,4,6.5797802
2,PSO,11,20262327,377.220932206293,6.5946182,1,0,6.5946182
2,PSO,12,20262328,299.399839606695,6.6017085,1,0,6.6017085
2,PSO,13,20262329,437.057645713966,6.6195019,1,0,6.6195019
2,PSO,14,20262330,949.167417902533,6.6834132,0,4,6.6834132
2,PSO,15,20262331,351.027457262613,6.675409,1,0,6.675409
2,PSO,16,20262332,300.605229822429,6.6078913,1,0,6.6078913
2,PSO,17,20262333,303.978582997972,6.5843241,1,0,6.5843241
2,PSO,18,20262334,1805.27753705668,6.6107363,0,7,6.6107363
2,PSO,19,20262335,351.619042958354,6.5691076,1,0,6.5691076
2,PSO,20,20262336,325.33568839732,6.660829,1,0,6.660829
2,PSO,21,20262337,952.998943196389,6.7068855,0,3,6.7068855
2,PSO,22,20262338,343.597290724218,6.6936414,1,0,6.6936414
2,PSO,23,20262339,360.458520084539,6.8025262,1,0,6.8025262
2,PSO,24,20262340,311.644819965473,6.6967728,1,0,6.6967728
2,PSO,25,20262341,312.068147188925,6.6673876,1,3.5527136788005e-14,6.6673876
2,PSO,26,20262342,1374.850027076,6.7905448,0,7,6.7905448
2,PSO,27,20262343,337.49661439053,6.7630862,1,0,6.7630862
2,PSO,28,20262344,349.188123679358,6.7327391,1,0,6.7327391
2,PSO,29,20262345,1750.91532265728,6.7455105,0,6,6.7455105
2,PSO,30,20262346,325.54827826145,6.729788,1,0,6.729788
2,GWO,1,20262317,323.549223192856,7.0845963,1,0,7.0845963
2,GWO,2,20262318,326.520551851339,6.9767953,1,0,6.9767953
2,GWO,3,20262319,360.350670846207,6.9405998,1,0,6.9405998
2,GWO,4,20262320,321.485362045992,6.9289836,1,0,6.9289836
2,GWO,5,20262321,350.883306813641,7.0793142,1,0,7.0793142
2,GWO,6,20262322,326.155537742405,7.4793568,1,0,7.4793568
2,GWO,7,20262323,315.237919760537,7.1613796,1,0,7.1613796
2,GWO,8,20262324,329.487087264581,7.1320051,1,0,7.1320051
2,GWO,9,20262325,323.172936534055,7.0462445,1,0,7.0462445
2,GWO,10,20262326,329.538250379339,7.1648759,1,0,7.1648759
2,GWO,11,20262327,327.297745510064,7.2697373,1,0,7.2697373
2,GWO,12,20262328,302.499590790658,7.7166572,1,0,7.7166572
2,GWO,13,20262329,351.902853102081,7.7736067,1,0,7.7736067
2,GWO,14,20262330,300.830820719313,7.555503,1,0,7.555503
2,GWO,15,20262331,321.266320558339,7.4627827,1,0,7.4627827
2,GWO,16,20262332,371.796349337593,7.5631976,1,0,7.5631976
2,GWO,17,20262333,320.605484676643,7.6331635,1,0,7.6331635
2,GWO,18,20262334,324.373799304231,7.869828,1,0,7.869828
2,GWO,19,20262335,296.511207696687,7.8013498,1,0,7.8013498
2,GWO,20,20262336,359.419250331629,7.776595,1,0,7.776595
2,GWO,21,20262337,315.855945763863,7.7473015,1,0,7.7473015
2,GWO,22,20262338,335.858131152486,7.7820841,1,0,7.7820841
2,GWO,23,20262339,385.60866561677,7.7581551,1,0,7.7581551
2,GWO,24,20262340,320.002470104441,7.6927837,1,0,7.6927837
2,GWO,25,20262341,328.962068691909,7.6753867,1,0,7.6753867
2,GWO,26,20262342,346.255833841739,7.7047819,1,0,7.7047819
2,GWO,27,20262343,331.223854526462,7.5134837,1,0,7.5134837
2,GWO,28,20262344,325.038231248404,7.5443994,1,0,7.5443994
2,GWO,29,20262345,381.233330881944,6.9195157,1,0,6.9195157
2,GWO,30,20262346,324.532833528469,6.8551361,1,0,6.8551361
2,HHO,1,20262317,438.684803608752,8.3572866,1,0,8.3572866
2,HHO,2,20262318,366.177554030834,8.3259253,1,0,8.3259253
2,HHO,3,20262319,385.196757148932,8.2747561,1,0,8.2747561
2,HHO,4,20262320,391.622531428551,8.520061,1,0,8.520061
2,HHO,5,20262321,1588.5806134557,8.3661283,0,7,8.3661283
2,HHO,6,20262322,318.796972548464,8.5377337,1,0,8.5377337
2,HHO,7,20262323,359.406115345133,8.3868836,1,0,8.3868836
2,HHO,8,20262324,319.657799250067,8.5251954,1,0,8.5251954
2,HHO,9,20262325,300.222478622816,8.2376851,1,0,8.2376851
2,HHO,10,20262326,317.988583031746,8.3979326,1,0,8.3979326
2,HHO,11,20262327,333.433233637809,8.4013447,1,0,8.4013447
2,HHO,12,20262328,319.261162819947,8.5960453,1,0,8.5960453
2,HHO,13,20262329,428.474598614571,8.3554676,1,0,8.3554676
2,HHO,14,20262330,391.426243086432,8.9718156,1,0,8.9718156
2,HHO,15,20262331,313.593878947453,8.7869118,1,0,8.7869118
2,HHO,16,20262332,326.162996933332,8.9335493,1,0,8.9335493
2,HHO,17,20262333,317.6519412204,8.2981254,1,0,8.2981254
2,HHO,18,20262334,313.269274276712,8.6242019,1,0,8.6242019
2,HHO,19,20262335,375.991068819845,8.4642141,1,0,8.4642141
2,HHO,20,20262336,321.049883583064,8.3439277,1,0,8.3439277
2,HHO,21,20262337,312.548588745877,8.3404054,1,0,8.3404054
2,HHO,22,20262338,406.263162089993,8.436391,1,0,8.436391
2,HHO,23,20262339,341.880293558915,8.7198812,1,0,8.7198812
2,HHO,24,20262340,372.697257316659,8.6639173,1,0,8.6639173
2,HHO,25,20262341,383.628602624447,8.5450068,1,0,8.5450068
2,HHO,26,20262342,333.239974867012,8.663241,1,0,8.663241
2,HHO,27,20262343,300.012722907471,8.4058492,1,0,8.4058492
2,HHO,28,20262344,406.524848558427,8.3007144,1,0,8.3007144
2,HHO,29,20262345,419.223372311926,8.2360044,1,0,8.2360044
2,HHO,30,20262346,317.866260808638,8.3845286,1,0,8.3845286
2,WOA,1,20262317,422.734278551861,6.6380501,1,0,6.6380501
2,WOA,2,20262318,434.314846804408,6.5482565,1,0,6.5482565
2,WOA,3,20262319,425.247710946989,6.5378828,1,0,6.5378828
2,WOA,4,20262320,669.373414012591,6.6277973,1,0,6.6277973
2,WOA,5,20262321,1935.63502427244,6.6357825,0,8,6.6357825
2,WOA,6,20262322,426.096231307076,6.5063703,1,0,6.5063703
2,WOA,7,20262323,422.320845201439,6.5262267,1,0,6.5262267
2,WOA,8,20262324,413.076823831368,6.5698792,1,0,6.5698792
2,WOA,9,20262325,429.674412610067,6.6863283,1,0,6.6863283
2,WOA,10,20262326,1894.79729754077,6.4951802,0,8,6.4951802
2,WOA,11,20262327,421.20855883853,6.677145,1,0,6.677145
2,WOA,12,20262328,469.196835333845,6.5902423,1,0,6.5902423
2,WOA,13,20262329,1978.65636013803,6.6129276,0,8,6.6129276
2,WOA,14,20262330,421.030249809975,6.5467916,1,0,6.5467916
2,WOA,15,20262331,1944.38091443251,6.6174917,0,8,6.6174917
2,WOA,16,20262332,455.167892472596,6.5074287,1,0,6.5074287
2,WOA,17,20262333,351.939948713877,6.5837818,1,0,6.5837818
2,WOA,18,20262334,562.325103505827,6.5299525,1,0,6.5299525
2,WOA,19,20262335,1943.63791564934,6.5546928,0,8,6.5546928
2,WOA,20,20262336,360.426733186084,6.5729851,1,0,6.5729851
2,WOA,21,20262337,383.598016046946,6.5630711,1,0,6.5630711
2,WOA,22,20262338,386.861177587218,6.6101216,1,0,6.6101216
2,WOA,23,20262339,376.809339930947,6.5737498,1,0,6.5737498
2,WOA,24,20262340,1928.54354802172,6.5312589,0,8,6.5312589
2,WOA,25,20262341,1926.27207496624,6.5435332,0,8,6.5435332
2,WOA,26,20262342,479.63384172962,6.5023527,1,0,6.5023527
2,WOA,27,20262343,386.689239792163,6.5126669,1,0,6.5126669
2,WOA,28,20262344,372.943862889379,6.5736176,1,0,6.5736176
2,WOA,29,20262345,393.836652870449,6.5502128,1,0,6.5502128
2,WOA,30,20262346,373.474958753003,6.495285,1,0,6.495285
2,FAEAE,1,20280929,330.434211394075,7.1280585,1,0,7.4096051
2,FAEAE,2,20280930,326.533930598278,7.8344273,1,0,8.1122699
2,FAEAE,3,20280931,321.000986329812,7.6047364,1,0,7.8789456
2,FAEAE,4,20280932,323.559248304498,7.4791946,1,0,7.7609241
2,FAEAE,5,20280933,316.497967755547,7.3552437,1,0,7.6290978
2,FAEAE,6,20280934,317.620055385244,7.407495,1,0,7.6887723
2,FAEAE,7,20280935,324.540600884349,6.9209815,1,0,7.1968449
2,FAEAE,8,20280936,317.962148294885,8.6702969,1,0,8.9442569
2,FAEAE,9,20280937,312.773901150165,8.7715884,1,0,9.0452482
2,FAEAE,10,20280938,324.226331857515,7.4918436,1,0,7.7643467
2,FAEAE,11,20280939,324.077743046261,8.1432121,1,0,8.4168744
2,FAEAE,12,20280940,318.013659794403,7.5590098,1,0,7.8304322
2,FAEAE,13,20280941,325.495271122093,6.8970407,1,0,7.1667617
2,FAEAE,14,20280942,313.55517027183,7.617092,1,0,7.8941971
2,FAEAE,15,20280943,319.069272277309,7.5298526,1,0,7.805694
2,FAEAE,16,20280944,309.970621096058,7.5941056,1,0,7.8688454
2,FAEAE,17,20280945,308.879669682704,7.8404729,1,0,8.1127961
2,FAEAE,18,20280946,323.371125161201,7.9406752,1,0,8.2111864
2,FAEAE,19,20280947,321.822605370157,7.3102662,1,0,7.580795
2,FAEAE,20,20280948,333.371342197636,7.3654157,1,0,7.6390255
2,FAEAE,21,20280949,336.872187380498,7.3701568,1,0,7.6442163
2,FAEAE,22,20280950,320.265885323408,8.6946823,1,0,8.9674173
2,FAEAE,23,20280951,318.984782878286,7.2077025,1,0,7.4792743
2,FAEAE,24,20280952,324.878598102781,7.6074148,1,0,7.8779531
2,FAEAE,25,20280953,318.558096830968,8.0042165,1,0,8.2728167
2,FAEAE,26,20280954,317.485466879297,8.4092307,1,0,8.6868226
2,FAEAE,27,20280955,323.841302369703,6.8469465,1,0,7.120587
2,FAEAE,28,20280956,331.273583363477,7.7374508,1,0,8.0126311
2,FAEAE,29,20280957,309.626576824262,7.4239291,1,0,7.6986118
2,FAEAE,30,20280958,316.244793275791,7.4464824,1,0,7.7188165
4,AE,1,20264317,1409.03671853103,6.9241538,0,7,6.9241538
4,AE,2,20264318,1983.62778335612,6.9080988,0,11,6.9080988
4,AE,3,20264319,1571.42079110448,6.9120166,0,8,6.9120166
4,AE,4,20264320,2173.76477376059,6.9305844,0,12,6.9305844
4,AE,5,20264321,2149.82993961823,6.964622,0,12,6.964622
4,AE,6,20264322,1405.0223946631,6.9342332,0,7,6.9342332
4,AE,7,20264323,2907.5442329333,6.9274932,0,17,6.9274932
4,AE,8,20264324,4723.62022147267,7.0365109,0,29,7.0365109
4,AE,9,20264325,2034.90994148608,6.957444,0,11,6.957444
4,AE,10,20264326,1858.08482555899,6.9533933,0,10,6.9533933
4,AE,11,20264327,2062.23933988105,6.9027134,0,11,6.9027134
4,AE,12,20264328,1979.5322469521,7.0148763,0,10,7.0148763
4,AE,13,20264329,2617.15599295501,6.8931251,0,15,6.8931251
4,AE,14,20264330,2718.39886175659,6.9292336,0,16,6.9292336
4,AE,15,20264331,2149.7060322783,6.9276018,0,12,6.9276018
4,AE,16,20264332,2034.200183181,6.8998553,0,11,6.8998553
4,AE,17,20264333,2147.60433677928,6.9319681,0,12,6.9319681
4,AE,18,20264334,2141.61206340335,6.9285565,0,12,6.9285565
4,AE,19,20264335,1927.24644921322,6.9283349,0,10,6.9283349
4,AE,20,20264336,2907.25437498871,6.9485264,0,17,6.9485264
4,AE,21,20264337,1778.40656566673,7.0179911,0,9,7.0179911
4,AE,22,20264338,1835.89505924498,6.9491992,0,10,6.9491992
4,AE,23,20264339,2420.20090678178,6.9191205,0,14,6.9191205
4,AE,24,20264340,1595.03369414209,6.9055625,0,8,6.9055625
4,AE,25,20264341,2320.67860890468,6.9198077,0,12,6.9198077
4,AE,26,20264342,2134.47586680578,6.942983,0,12,6.942983
4,AE,27,20264343,2242.00987273215,6.9153618,0,12,6.9153618
4,AE,28,20264344,1994.43569267356,6.9301135,0,11,6.9301135
4,AE,29,20264345,2166.77829035485,6.900281,0,10,6.900281
4,AE,30,20264346,1225.01108486426,6.9612848,0,6,6.9612848
4,PSO,1,20264317,1166.58616660694,6.6810819,0,5,6.6810819
4,PSO,2,20264318,1402.52304118441,6.7181896,0,5,6.7181896
4,PSO,3,20264319,1942.63358379299,6.7041835,0,9,6.7041835
4,PSO,4,20264320,1057.16735979342,6.6966557,0,5,6.6966557
4,PSO,5,20264321,1327.37946460852,6.7369549,0,6,6.7369549
4,PSO,6,20264322,313.864993525323,6.7244713,1,0,6.7244713
4,PSO,7,20264323,1214.54085300052,6.7469935,0,6,6.7469935
4,PSO,8,20264324,360.648277504751,6.6821971,1,0,6.6821971
4,PSO,9,20264325,442.923459092456,6.6839906,1,2.22044604925031e-14,6.6839906
4,PSO,10,20264326,1080.88656458585,6.7049981,0,4,6.7049981
4,PSO,11,20264327,531.231670294603,6.6625137,1,0,6.6625137
4,PSO,12,20264328,1066.97756668543,6.6915966,0,5,6.6915966
4,PSO,13,20264329,1085.18125726724,6.6469699,0,5,6.6469699
4,PSO,14,20264330,985.019880497929,6.7054709,0,4,6.7054709
4,PSO,15,20264331,1431.06653612761,6.6873228,0,5,6.6873228
4,PSO,16,20264332,1077.44023731448,6.6774652,0,5,6.6774652
4,PSO,17,20264333,1453.31510534013,6.7014892,0,6,6.7014892
4,PSO,18,20264334,1903.07878176741,6.6660089,0,9,6.6660089
4,PSO,19,20264335,436.578292753634,6.7478885,1,0,6.7478885
4,PSO,20,20264336,873.140379887317,6.7034761,0,3,6.7034761
4,PSO,21,20264337,2077.93927067134,6.7001322,0,10,6.7001322
4,PSO,22,20264338,1332.47012470064,6.7300648,0,6,6.7300648
4,PSO,23,20264339,1392.96030326448,6.660963,0,6,6.660963
4,PSO,24,20264340,1057.36104188548,6.7079976,0,5,6.7079976
4,PSO,25,20264341,1294.72199002463,6.7030402,0,3,6.7030402
4,PSO,26,20264342,1350.43506992032,6.6768965,0,6,6.6768965
4,PSO,27,20264343,1133.42150338117,6.7641189,0,5,6.7641189
4,PSO,28,20264344,644.21202778989,6.7256679,0,2,6.7256679
4,PSO,29,20264345,1511.93198904834,6.6722032,0,5,6.6722032
4,PSO,30,20264346,936.417438124355,6.6653926,0,4,6.6653926
4,GWO,1,20264317,367.076765106971,7.0964055,1,0,7.0964055
4,GWO,2,20264318,343.218705024281,7.0509558,1,0,7.0509558
4,GWO,3,20264319,961.717744893775,7.1615923,0,3,7.1615923
4,GWO,4,20264320,877.140830538076,7.0631704,0,3,7.0631704
4,GWO,5,20264321,340.453708983969,7.0533306,1,0,7.0533306
4,GWO,6,20264322,471.854019790828,7.0589109,1,0,7.0589109
4,GWO,7,20264323,349.10101239175,7.0894245,1,0,7.0894245
4,GWO,8,20264324,343.978561748449,7.0504997,1,0,7.0504997
4,GWO,9,20264325,950.50704574169,7.0769492,0,3,7.0769492
4,GWO,10,20264326,346.793989403546,7.0859997,1,0,7.0859997
4,GWO,11,20264327,352.310283975668,7.0401367,1,0,7.0401367
4,GWO,12,20264328,374.85699393566,7.0596425,1,0,7.0596425
4,GWO,13,20264329,360.128068809853,7.0924216,1,0,7.0924216
4,GWO,14,20264330,956.784651666007,7.138541,0,3,7.138541
4,GWO,15,20264331,347.778198336895,7.0822738,1,0,7.0822738
4,GWO,16,20264332,342.858766482777,7.0276457,1,0,7.0276457
4,GWO,17,20264333,344.146865131997,7.1109877,1,0,7.1109877
4,GWO,18,20264334,417.54943495874,7.0688317,1,0,7.0688317
4,GWO,19,20264335,364.33062578283,7.1772612,1,0,7.1772612
4,GWO,20,20264336,351.007030772219,7.0686214,1,0,7.0686214
4,GWO,21,20264337,939.20240907035,7.0687262,0,3,7.0687262
4,GWO,22,20264338,713.123362203252,7.124517,0,2,7.124517
4,GWO,23,20264339,347.88000932457,7.2803322,1,0,7.2803322
4,GWO,24,20264340,433.667483249684,7.0836107,1,0,7.0836107
4,GWO,25,20264341,919.600586339026,7.0851817,0,3,7.0851817
4,GWO,26,20264342,426.293512544566,7.0848849,1,0,7.0848849
4,GWO,27,20264343,373.768683165627,7.114873,1,0,7.114873
4,GWO,28,20264344,404.06788373046,7.0471353,1,0,7.0471353
4,GWO,29,20264345,676.851665792741,7.0821896,0,2,7.0821896
4,GWO,30,20264346,997.145937748367,7.0542568,0,3,7.0542568
4,HHO,1,20264317,689.929080531302,8.6055713,0,2,8.6055713
4,HHO,2,20264318,378.461058408119,8.5729782,1,0,8.5729782
4,HHO,3,20264319,703.451656625542,8.5546654,0,2,8.5546654
4,HHO,4,20264320,424.278121297549,8.78771,1,0,8.78771
4,HHO,5,20264321,376.787617058013,8.5321299,1,0,8.5321299
4,HHO,6,20264322,915.905345067717,8.6058705,0,3,8.6058705
4,HHO,7,20264323,1512.62083324931,8.558504,0,7,8.558504
4,HHO,8,20264324,919.572539176302,8.6006152,0,3,8.6006152
4,HHO,9,20264325,535.812708578732,8.4637363,0,1,8.4637363
4,HHO,10,20264326,383.070517120731,8.6396781,1,0,8.6396781
4,HHO,11,20264327,1217.08987495973,8.5891965,0,5,8.5891965
4,HHO,12,20264328,917.807790037548,8.5637595,0,3,8.5637595
4,HHO,13,20264329,475.98494775311,8.5341133,0,1,8.5341133
4,HHO,14,20264330,1335.37621202895,8.5228263,0,6,8.5228263
4,HHO,15,20264331,1465.63104827526,8.426383,0,7,8.426383
4,HHO,16,20264332,915.065717745435,8.5667759,0,3,8.5667759
4,HHO,17,20264333,1454.68243518734,8.539002,0,7,8.539002
4,HHO,18,20264334,1471.03626945867,8.7631713,0,7,8.7631713
4,HHO,19,20264335,700.941786706516,8.6147141,0,2,8.6147141
4,HHO,20,20264336,1540.93784795834,8.5453471,0,7,8.5453471
4,HHO,21,20264337,1247.58555779134,8.6115148,0,5,8.6115148
4,HHO,22,20264338,536.04096215004,8.6606781,0,1,8.6606781
4,HHO,23,20264339,1486.25144147751,8.7243048,0,7,8.7243048
4,HHO,24,20264340,1227.53302478408,8.5551621,0,5,8.5551621
4,HHO,25,20264341,611.646123587543,8.4065607,0,1,8.4065607
4,HHO,26,20264342,831.879239568921,8.4172495,0,3,8.4172495
4,HHO,27,20264343,1453.11328785075,8.5581918,0,7,8.5581918
4,HHO,28,20264344,686.186044357171,8.5140697,0,2,8.5140697
4,HHO,29,20264345,412.677666287854,8.6011158,1,0,8.6011158
4,HHO,30,20264346,944.763982999498,8.61711,0,3,8.61711
4,WOA,1,20264317,1665.84458657169,6.6156265,0,8,6.6156265
4,WOA,2,20264318,1947.07609529135,6.6795372,0,9,6.6795372
4,WOA,3,20264319,645.514157103838,6.7321771,1,0,6.7321771
4,WOA,4,20264320,1621.12366160885,6.6218509,0,8,6.6218509
4,WOA,5,20264321,2213.76085493268,6.6353539,0,11.3257777591758,6.6353539
4,WOA,6,20264322,1936.41474374412,6.6293998,0,10,6.6293998
4,WOA,7,20264323,2108.95839350046,6.6159958,0,10,6.6159958
4,WOA,8,20264324,1205.71087064923,6.6349294,0,5,6.6349294
4,WOA,9,20264325,1696.18191362976,6.6160449,0,6,6.6160449
4,WOA,10,20264326,479.648882097676,6.639767,1,0,6.639767
4,WOA,11,20264327,1529.75656349392,6.6367717,0,7,6.6367717
4,WOA,12,20264328,2180.83424991972,6.6018938,0,10,6.6018938
4,WOA,13,20264329,1270.02799483277,6.6446347,0,5,6.6446347
4,WOA,14,20264330,1688.79470998596,6.640179,0,8,6.640179
4,WOA,15,20264331,1522.93159392682,6.6486342,0,7,6.6486342
4,WOA,16,20264332,1668.79668967801,6.6204186,0,7.82172337610024,6.6204186
4,WOA,17,20264333,704.112785567318,6.663528,1,0,6.663528
4,WOA,18,20264334,1532.50971623464,6.7174406,0,6,6.7174406
4,WOA,19,20264335,1621.4227940745,6.7123503,0,7.93028594041486,6.7123503
4,WOA,20,20264336,1132.39398634137,6.6644994,0,4,6.6644994
4,WOA,21,20264337,1624.22257672846,6.6231992,0,7,6.6231992
4,WOA,22,20264338,1718.7849794941,6.6598381,0,7,6.6598381
4,WOA,23,20264339,1150.00384307076,6.7499934,0,3,6.7499934
4,WOA,24,20264340,1576.75420918427,6.6809417,0,7,6.6809417
4,WOA,25,20264341,445.252035427221,6.656036,1,0,6.656036
4,WOA,26,20264342,1547.40690591858,6.6008992,0,7.04214921612011,6.6008992
4,WOA,27,20264343,1309.247229684,6.6138736,0,5,6.6138736
4,WOA,28,20264344,1513.03728935947,6.6087227,0,7,6.6087227
4,WOA,29,20264345,1609.71069251818,6.6168425,0,7,6.6168425
4,WOA,30,20264346,1720.03505559702,6.611217,0,8,6.611217
4,FAEAE,1,20300929,328.30003100089,10.2165375,1,0,10.5269109
4,FAEAE,2,20300930,332.01884099363,10.1749759,1,0,10.48189
4,FAEAE,3,20300931,330.576487743105,10.3146172,1,0,10.6229297
4,FAEAE,4,20300932,329.588117915976,10.3180157,1,0,10.6311509
4,FAEAE,5,20300933,327.753632051302,10.0792885,1,0,10.3847406
4,FAEAE,6,20300934,331.391145789221,10.1975145,1,0,10.5077606
4,FAEAE,7,20300935,327.591661891323,10.2274374,1,0,10.5268155
4,FAEAE,8,20300936,330.986909437708,10.3328507,1,0,10.64578
4,FAEAE,9,20300937,331.6517633179,10.0502363,1,0,10.3570766
4,FAEAE,10,20300938,329.683305792855,10.2003875,1,0,10.5108402
4,FAEAE,11,20300939,330.54252804992,10.1311742,1,0,10.4360976
4,FAEAE,12,20300940,339.005389555903,9.1838885,1,0,9.4873338
4,FAEAE,13,20300941,328.534288367764,10.0240168,1,0,10.3369955
4,FAEAE,14,20300942,331.618293176581,10.2203064,1,0,10.5271778
4,FAEAE,15,20300943,329.892910495538,10.3107411,1,0,10.6169296
4,FAEAE,16,20300944,330.515052403297,10.0869653,1,0,10.4019055
4,FAEAE,17,20300945,329.646958767631,10.2155794,1,0,10.5300649
4,FAEAE,18,20300946,331.265655569393,10.2553432,1,0,10.5668007
4,FAEAE,19,20300947,331.897099192227,10.1521097,1,0,10.4606928
4,FAEAE,20,20300948,329.385476422376,10.3291076,1,0,10.6402531
4,FAEAE,21,20300949,327.445420913335,10.1586248,1,0,10.4679026
4,FAEAE,22,20300950,333.73145658459,10.2654809,1,0,10.5719091
4,FAEAE,23,20300951,331.933871108169,10.3740587,1,0,10.6880451
4,FAEAE,24,20300952,331.286119970741,10.4071036,1,0,10.7173637
4,FAEAE,25,20300953,331.057277284801,10.3384123,1,0,10.6452496
4,FAEAE,26,20300954,331.413534997761,10.2514905,1,0,10.5621647
4,FAEAE,27,20300955,330.368751565591,10.8660273,1,0,11.1880819
4,FAEAE,28,20300956,326.845343187788,9.4134281,1,0,9.7319874
4,FAEAE,29,20300957,327.050985672793,10.390705,1,0,10.703888
4,FAEAE,30,20300958,329.773921158062,10.423364,1,0,10.7428769
